code,total,ninni_zahyou,kokyo_zahyou,special_chiban
01101,64703,6973,55955,1775
01102,141275,204,139928,1143
01103,112496,26496,85000,1000
01104,77736,31741,45573,422
01105,66079,0,65460,619
01106,125512,0,123918,1594
01107,84888,42524,41448,916
01108,38961,8282,30299,380
01109,69599,19005,49757,837
01110,65130,0,64366,764
01202,225760,42459,175740,7561
01203,124669,10876,109704,4089
01204,320563,43484,264916,12163
01205,76271,15361,57984,2926
01206,182595,89078,80827,12690
01207,158609,17943,135940,4726
01208,183303,7599,167784,7920
01209,13941,1476,11209,1256
01210,141018,4888,126733,9397
01211,75287,0,71972,3315
01212,32750,8467,22237,2046
01213,132381,35282,96287,812
01214,60998,5139,50811,5048
01215,54205,1345,49322,3538
01216,38907,3935,32791,2181
01217,91095,14621,74065,2409
01218,18119,2087,14781,1251
01219,52255,3722,44407,4126
01220,86033,8678,72972,4383
01221,73547,12971,56705,3871
01222,19404,0,18510,894
01223,37794,0,33750,4044
01224,91590,7700,81641,2249
01225,58863,1134,54784,2945
01226,25117,12871,10997,1249
01227,4515,0,4280,235
01228,83577,1387,77382,4808
01229,63158,39809,20490,2859
01230,49563,6274,41187,2102
01231,54799,1688,50485,2626
01233,90343,5028,79730,5585
01234,73145,1376,70745,1024
01235,101879,8371,86670,6838
01236,74041,1495,68218,4328
01303,51422,1086,46618,3718
01304,12911,843,10508,1560
01331,36336,0,31499,4837
01332,19915,31,18151,1733
01333,21071,403,19730,938
01334,22058,212,20672,1174
01337,55882,18,53703,2161
01343,17348,0,16979,369
01345,58965,48449,8513,2003
01346,64506,417,57970,6119
01347,31919,1789,27100,3030
01361,24886,21,23190,1675
01362,32778,1095,28960,2723
01363,33771,593,31239,1939
01364,20071,0,18587,1484
01367,13353,10508,548,2297
01370,39876,5448,32311,2117
01371,58247,699,50762,6786
01391,17957,0,16326,1631
01392,20435,11,19165,1259
01393,33341,2206,28730,2405
01394,46993,5191,38529,3273
01395,44173,1149,36414,6610
01396,29714,0,27058,2656
01397,21640,0,20542,1098
01398,32777,0,30842,1935
01399,33099,0,31331,1768
01400,49650,3549,42114,3987
01401,48336,6687,37887,3762
01402,17106,3805,12119,1182
01403,9432,4188,3752,1492
01404,8300,5901,964,1435
01405,22243,0,19308,2935
01406,12973,1633,9782,1558
01407,21381,0,19758,1623
01408,51330,0,49428,1902
01409,15644,0,14806,838
01423,20182,0,17927,2255
01424,13131,333,11799,999
01425,2823,133,2498,192
01427,26467,0,25068,1399
01428,48466,0,45208,3258
01429,52849,1556,48926,2367
01430,20562,490,18347,1725
01431,19891,1622,16915,1354
01432,46081,5292,36190,4599
01433,15775,33,14555,1187
01434,13797,43,13160,594
01436,24242,48,21933,2261
01437,22278,0,21666,612
01438,28259,0,26743,1516
01472,21952,895,19743,1314
01452,36400,1024,32626,2750
01453,27983,885,25908,1190
01454,24832,126,23683,1023
01455,17327,168,16251,908
01456,17110,19,16070,1021
01457,19219,291,18166,762
01458,19826,5732,13484,610
01459,67194,4184,60534,2476
01460,34641,896,30925,2820
01461,24338,3434,18783,2121
01462,15172,2529,9991,2652
01463,11096,0,9321,1775
01464,29843,0,28169,1674
01465,24968,562,23138,1268
01468,20955,0,20551,404
01469,24728,0,23255,1473
01470,5084,0,4516,568
01471,13833,41,13068,724
01481,21677,0,20117,1560
01482,28987,16,26532,2439
01483,19789,0,18277,1512
01484,23597,1371,20679,1547
01485,13918,0,11867,2051
01486,18876,0,16909,1967
01487,23165,27,20326,2812
01520,17868,11,15773,2084
01511,14307,1119,11180,2008
01512,19101,62,17507,1532
01513,16880,0,15550,1330
01514,50567,193,46446,3928
01515,2,0,1,1
01516,27141,444,22656,4041
01519,13900,9142,1678,3080
01543,49443,1775,46268,1400
01544,28802,0,27244,1558
01545,32188,0,29492,2696
01546,19846,0,19064,782
01547,23458,0,22575,883
01549,21469,0,20711,758
01550,19037,0,17487,1550
01552,37582,0,34896,2686
01555,56779,960,52018,3801
01559,53166,0,51130,2036
01560,23696,69,21486,2141
01561,25751,0,23512,2239
01562,10536,0,9252,1284
01563,27357,644,24052,2661
01564,44435,0,41564,2871
01571,38174,3688,31369,3117
01575,22810,0,21237,1573
01578,46507,0,45438,1069
01581,38589,680,35764,2145
01584,39239,0,36828,2411
01585,40517,0,39272,1245
01586,40582,379,38145,2058
01601,44828,104,41315,3409
01602,32141,27,29583,2531
01604,28350,141,26678,1531
01607,36153,101,33922,2130
01608,14109,37,12846,1226
01609,15305,0,13716,1589
01610,60623,598,55956,4069
01631,86859,782,81025,5052
01632,34252,0,30496,3756
01633,26380,757,23459,2164
01634,33836,0,31981,1855
01635,31873,888,27841,3144
01636,45156,2604,39228,3324
01637,57894,617,55481,1796
01638,19897,0,18451,1446
01639,28181,0,25445,2736
01641,27561,0,24575,2986
01642,26843,210,23352,3281
01643,72804,1509,69375,1920
01644,35976,663,33965,1348
01645,32270,243,29913,2114
01646,40932,1421,37207,2304
01647,45697,1251,39830,4616
01648,23672,0,21499,2173
01649,34593,0,31843,2750
01661,34482,13344,19342,1796
01662,29128,1847,24924,2357
01663,32429,0,28089,4340
01664,60750,4017,49923,6810
01665,35930,3257,28719,3954
01667,28708,5459,18888,4361
01668,36707,998,32658,3051
01691,90943,249,84103,6591
01692,52299,0,48050,4249
01693,17942,499,15943,1500
01694,7591,0,6661,930
02201,357898,149010,153493,55395
02202,326522,85714,201057,39751
02203,294120,85398,191152,17570
02204,86414,1,76307,10106
02205,147066,2948,124883,19235
02206,202863,5964,184117,12782
02207,66295,4301,59032,2962
02208,134784,25895,92794,16095
02209,145217,0,129485,15732
02210,105720,1091,93751,10878
02301,51712,468,41195,10049
02303,20302,0,16972,3330
02304,17079,0,14987,2092
02307,38502,447,33460,4595
02321,56678,0,49648,7030
02323,53981,87,48035,5859
02343,14637,0,12645,1992
02361,39397,32,34884,4481
02362,41592,0,37340,4252
02367,28647,0,24756,3891
02381,43569,1121,36921,5527
02384,43793,806,37216,5771
02387,51658,0,46129,5529
02401,33582,0,30971,2611
02402,84657,7541,70312,6804
02405,55685,2131,50879,2675
02406,29296,0,27744,1552
02408,99615,0,90686,8929
02411,40130,0,36335,3795
02412,61618,6364,51713,3541
02423,13931,0,12998,933
02424,38435,164,32882,5389
02425,9936,0,9079,857
02426,11615,16,10428,1171
02441,53380,0,48493,4887
02442,88472,0,80211,8261
02443,42021,0,37278,4743
02445,74010,0,65103,8907
02446,42311,0,39739,2572
02450,33933,117,30292,3524
03201,383589,173348,173665,36576
03202,152713,63081,70055,19577
03203,103359,2778,86182,14399
03205,475924,38091,395393,42440
03206,318372,155685,132292,30395
03207,111139,2695,91221,17223
03208,177307,41367,108317,27623
03209,610001,15601,535765,58635
03210,87384,2166,74351,10867
03211,61627,15018,39059,7550
03213,124283,264,105344,18675
03214,173465,12970,141930,18565
03215,589235,255014,278753,55468
03216,80853,2383,72992,5478
03301,103908,6396,85401,12111
03302,43427,175,36335,6917
03303,74044,804,64041,9199
03321,142528,8571,115648,18309
03322,85790,10933,69398,5459
03366,69885,1577,59492,8816
03381,89045,32754,47826,8465
03402,40981,4809,31824,4348
03441,39251,0,34381,4870
03461,34788,21659,9230,3899
03482,49905,21810,22255,5840
03483,68721,0,54318,14403
03484,20396,511,17034,2851
03485,12617,267,9288,3062
03501,51987,2770,43658,5559
03503,16158,1,14076,2081
03506,32203,0,27171,5032
03507,61185,1,53020,8164
03524,70256,1407,57122,11727
04101,176657,97362,65691,13604
04102,105474,87353,13700,4421
04103,92910,61759,26571,4580
04104,163882,113340,36724,13818
04105,138883,67722,60030,11131
04202,331186,36543,260188,34455
04203,42568,40,40451,2077
04205,163928,27228,120228,16472
04206,129335,27103,86804,15428
04207,101615,2472,87369,11774
04208,132097,20227,101552,10318
04209,43677,4042,36999,2636
04211,67171,2953,57945,6273
04212,325700,11405,279345,34950
04213,414702,23291,343851,47560
04214,99621,4992,84097,10532
04215,408862,5610,356780,46472
04216,42671,6895,35385,391
04301,68279,10845,50731,6703
04302,28406,2701,21539,4166
04321,34402,463,31596,2343
04322,52983,5,47981,4997
04323,63598,2920,53282,7396
04324,61457,9965,43045,8447
04341,105330,4666,92047,8617
04361,82020,21,74514,7485
04362,61342,107,55053,6182
04401,38900,2851,31937,4112
04404,22069,898,19399,1772
04406,36758,379,33172,3207
04421,87511,16144,59140,12227
04422,52100,4310,41683,6107
04423,3305,6,17,3282
04424,35841,6215,25206,4420
04444,42532,1593,35484,5455
04445,125278,2001,110061,13216
04501,58877,145,53110,5622
04505,72467,7613,57090,7764
04548,1,0,1,0
04581,21550,0,18656,2894
04606,61629,273,56034,5322
05201,617142,396442,119973,100727
05202,242366,123517,86015,32834
05203,510483,263530,150383,96570
05204,309061,176764,87321,44976
05206,150479,30541,95564,24374
05207,259037,146978,72376,39683
05209,155835,22745,110392,22698
05210,497901,118758,299388,79755
05211,88166,28256,48758,11152
05212,560358,247444,231474,81440
05213,249756,34654,178509,36593
05214,145184,1641,125792,17751
05215,229844,76164,117904,35776
05303,25050,4600,15154,5296
05327,28590,7015,16601,4974
05346,39930,18422,11731,9777
05348,137849,26466,87482,23901
05349,67299,17445,34301,15553
05361,66285,7089,50862,8334
05363,26182,16579,6799,2804
05366,30244,3379,23138,3727
05434,113586,4253,93329,16004
05463,115610,64006,35384,16220
05464,24886,98,20013,4775
06201,413861,299713,72695,41453
06202,334718,291805,6396,36517
06203,609518,281376,256218,71924
06204,390187,184592,158927,46668
06205,112748,23262,75431,14055
06206,111014,15924,77949,17141
06207,176980,148364,11259,17357
06208,124718,19721,90688,14309
06209,125306,55840,52054,17412
06210,157488,115969,15422,26097
06211,130783,31701,79492,19590
06212,142390,48809,70809,22772
06213,172035,131946,21470,18619
06301,42185,1221,37087,3877
06302,35508,4280,27782,3446
06321,52633,1020,37548,14065
06322,59914,2840,43947,13127
06323,67706,68,47244,20394
06324,60546,1407,33484,25655
06341,43246,7535,25918,9793
06361,39095,773,33032,5290
06362,59497,3793,46995,8709
06363,47663,1598,39583,6482
06364,57819,1083,49197,7539
06365,34659,334,30671,3654
06366,42175,551,36097,5527
06367,40255,2324,31985,5946
06381,133850,73086,44796,15968
06382,147347,105144,21120,21083
06401,88754,28299,41684,18771
06402,147460,53905,74279,19276
06403,92810,44621,34068,14121
06426,33625,9123,19219,5283
06428,111961,28035,66124,17802
06461,106634,14111,81601,10922
07201,582037,135676,383206,63155
07202,296930,69347,154724,72859
07203,699782,227188,394554,78040
07204,711931,128985,504141,78805
07205,212252,33309,153826,25117
07207,289814,20910,240213,28691
07208,344924,76423,137007,131494
07209,140273,2853,120334,17086
07210,394304,2867,355273,36164
07211,350843,278,309886,40679
07212,317130,6850,280915,29365
07213,304783,116917,160287,27579
07214,102311,0,94174,8137
07301,44960,2650,34643,7667
07303,41805,2837,30311,8657
07308,85453,0,74889,10564
07309,444,0,2,442
07321,1,0,1,0
07322,49762,4415,40614,4733
07342,38903,410,35769,2724
07344,56391,20657,28106,7628
07362,101318,22512,33793,45013
07364,6243,161,5105,977
07367,66447,25035,32720,8692
07368,178972,87585,62574,28813
07402,30941,20291,7310,3340
07405,160126,84904,3268,71954
07407,34315,10774,18557,4984
07408,113987,19690,61753,32544
07421,94393,22193,39160,33040
07422,22122,5382,9604,7136
07423,97388,37281,3631,56476
07444,61688,56141,922,4625
07445,84755,73618,3549,7588
07446,43370,34491,2100,6779
07447,158175,43396,46755,68024
07461,64712,10701,47928,6083
07464,29814,10100,15361,4353
07465,17480,6284,9090,2106
07466,68820,6508,56179,6133
07481,71185,9730,52283,9172
07482,49878,1546,41733,6599
07483,74501,27201,36941,10359
07484,36754,189,32245,4320
07501,104462,1531,93386,9545
07502,55517,33,50596,4888
07503,57150,1208,50893,5049
07504,44450,3090,36558,4802
07505,51819,1479,43901,6439
07521,122525,7803,104139,10583
07522,64952,0,54811,10141
07541,25959,1047,21395,3517
07542,37335,4,33732,3599
07543,42638,865,37929,3844
07544,27935,8467,14730,4738
07545,45212,593,39319,5300
07546,36722,251,29849,6622
07547,82151,4718,66732,10701
07548,14437,0,11083,3354
07561,43232,1635,37298,4299
07564,59199,5807,46739,6653
08201,349536,104429,217347,27760
08202,181640,38866,122381,20393
08203,212023,63105,130370,18548
08204,240189,136216,88900,15073
08205,187088,28539,141622,16927
08207,96020,48871,38166,8983
08208,113991,64313,38404,11274
08210,100625,21903,59405,19317
08211,177115,105381,40907,30827
08212,256422,16034,209579,30809
08214,60247,15171,35210,9866
08215,107741,62323,31999,13419
08216,197423,16002,161162,20259
08217,149783,104853,22328,22602
08219,96504,17705,74382,4417
08220,373252,140997,196096,36159
08221,160523,88970,61643,9910
08222,136138,92645,32668,10825
08223,76049,58083,10336,7630
08224,70953,62761,4785,3407
08225,260453,9203,221559,29691
08226,137961,4880,122457,10624
08227,259317,109201,122474,27642
08228,186275,110475,61515,14285
08229,197500,99151,66902,31447
08230,139570,2941,125556,11073
08231,143569,11652,117136,14781
08232,143814,116778,14587,12449
08233,168048,1883,139697,26468
08234,183708,6920,157252,19536
08235,118929,95775,13119,10035
08236,144445,13898,118211,12336
08302,113516,18257,81552,13707
08309,31546,14785,14141,2620
08310,93415,14909,66529,11977
08341,46190,3057,39944,3189
08364,187379,104755,59325,23299
08442,45240,7748,33670,3822
08443,95964,3314,85917,6733
08447,38488,17322,13960,7206
08521,71586,11144,53517,6925
08542,29742,17363,9854,2525
08546,62928,8740,49803,4385
08564,35137,11163,19785,4189
09201,591833,423894,108965,58974
09202,270700,227250,4910,38540
09203,414914,299452,66987,48475
09204,331249,278072,4837,48340
09205,306611,250506,8546,47559
09206,313689,241800,20073,51816
09208,255944,215609,18229,22106
09209,186604,157422,12307,16875
09210,258661,157718,44650,56293
09211,113674,61541,34033,18100
09213,304085,113698,161490,28897
09214,116179,56523,48302,11354
09215,137101,49991,60515,26595
09216,99718,72793,18957,7968
09301,64585,54727,3291,6567
09342,86851,68795,6792,11264
09343,155404,117673,2128,35603
09344,68609,53531,2118,12960
09345,73903,58181,6306,9416
09361,94546,83862,2414,8270
09364,47150,41251,1764,4135
09384,77323,37998,22905,16420
09386,74054,56388,9747,7919
09407,255969,184283,11766,59920
09411,106823,25970,56983,23870
10201,464312,201796,227872,34644
10202,633941,365780,206071,62090
10203,221134,97383,91910,31841
10204,309795,223287,62936,23572
10205,336572,201930,103635,31007
10206,205187,152801,25353,27033
10207,129304,103208,15474,10622
10208,225423,51972,152044,21407
10209,170028,53616,99119,17293
10210,158605,28000,108308,22297
10211,256401,96555,134071,25775
10212,121019,63621,41112,16286
10303,4324,58,4,4262
10342,1,0,1,0
10344,37363,31574,2693,3096
10345,41211,34720,4060,2431
10366,22726,16325,502,5899
10367,42199,24484,9629,8086
10382,90955,70064,95,20796
10383,52397,38264,4,14129
10384,54323,3928,44914,5481
10421,112161,15077,82326,14758
10424,57188,30727,19430,7031
10425,105052,72784,22802,9466
10426,12170,534,10682,954
10428,22094,1559,17854,2681
10429,126110,64093,43624,18393
10443,48588,41899,433,6256
10444,28423,21276,3089,4058
10448,47894,37962,6141,3791
10449,151097,53004,77139,20954
10464,49788,17218,30873,1697
10521,75056,64117,3013,7926
10522,33238,0,31542,1696
10523,38389,33203,894,4292
10524,34633,29619,2764,2250
10525,58397,52792,945,4660
11101,109170,102196,3437,3537
11102,64615,63179,167,1269
11103,61035,59855,89,1091
11104,129706,118164,7984,3558
11105,41127,40218,139,770
11106,67587,64364,360,2863
11107,67754,58083,8228,1443
11108,75377,72343,1670,1364
11109,102679,85008,14839,2832
11110,162307,149611,5337,7359
11201,347847,227783,101322,18742
11202,341236,176413,145332,19491
11203,325764,277821,39751,8192
11206,160819,133009,18103,9707
11207,240301,211991,8760,19550
11208,227458,133220,87201,7037
11209,150708,115962,20227,14519
11210,259353,85387,156647,17319
11211,141875,46807,82050,13018
11212,145768,82410,53327,10031
11214,240595,196019,34469,10107
11215,127241,30969,90101,6171
11216,132889,112308,11508,9073
11217,211291,178318,18397,14576
11218,244061,169584,62883,11594
11219,175120,129515,41657,3948
11221,157354,144234,9175,3945
11222,273890,249462,15975,8453
11225,115364,25493,85428,4443
11227,75552,71616,2472,1464
11228,42060,26253,13949,1858
11229,36029,33819,1296,914
11230,103947,99657,2180,2110
11231,82832,72207,7725,2900
11232,241574,205438,24692,11444
11233,74766,71670,203,2893
11234,80730,75794,2778,2158
11235,89835,83902,3863,2070
11237,87875,77180,8554,2141
11238,85585,76182,5868,3535
11239,101707,24323,71588,5796
11240,85603,80539,1636,3428
11241,48432,3506,43579,1347
11242,86504,15229,64673,6602
11243,81905,68998,6763,6144
11245,65296,36687,26635,1974
11246,75239,67343,7837,59
11301,45522,36653,7445,1424
11324,33868,545,32183,1140
11326,57619,1572,51519,4528
11327,37403,2058,31396,3949
11341,45496,6950,34576,3970
11342,41594,2065,35548,3981
11343,76892,32089,34654,10149
11346,119442,106169,117,13156
11347,91651,82891,923,7837
11348,36048,855,32184,3009
11349,51021,16590,28332,6099
11361,36988,34564,150,2274
11362,66412,60350,78,5984
11365,103993,81934,8265,13794
11369,28614,25142,789,2683
11381,42646,15823,22976,3847
11383,46540,13226,27919,5395
11385,51813,12610,36014,3189
11401,7,2,5,0
11408,115793,105656,2442,7695
11421,649,1,68,580
11424,820,461,17,342
11425,867,0,355,512
11442,54067,50909,1075,2083
11445,3215,159,8,3048
11461,617,302,16,299
11464,67542,60052,3599,3891
11465,45620,41567,1884,2169
12101,121033,97075,20062,3896
12102,106795,99542,4913,2340
12103,71137,65932,3310,1895
12104,146628,136509,4852,5267
12105,109821,100709,5162,3950
12202,153863,139518,1615,12730
12203,247950,231724,8453,7773
12204,327682,315638,3911,8133
12205,172674,159541,2161,10972
12206,213361,170464,27070,15827
12207,262577,251524,5793,5260
12208,225515,192464,22953,10098
12210,219130,200199,5563,13368
12211,279869,180770,74280,24819
12212,204218,186336,8880,9002
12213,168557,137609,13728,17220
12215,224448,173311,26732,24405
12216,69204,63241,4826,1137
12217,311259,272979,31131,7149
12218,94153,82382,2228,9543
12219,511736,440154,29799,41783
12220,124762,111696,9651,3415
12221,137706,124842,7467,5397
12222,97287,90436,4224,2627
12223,196199,164012,5651,26536
12224,89099,85965,1840,1294
12225,274411,219248,27689,27474
12226,193187,141182,30196,21809
12227,34475,30601,3212,662
12228,85521,80616,2426,2479
12229,132059,106619,15569,9871
12230,116875,69188,216,47471
12231,157564,129283,18951,9330
12232,61479,49406,9145,2928
12233,78453,74968,226,3259
12234,270193,139994,93974,36225
12235,179233,165271,28,13934
12236,364307,220203,84132,59972
12237,219800,177558,15040,27202
12238,242289,216334,6405,19550
12239,110445,101599,5738,3108
12322,36557,34027,139,2391
12329,48367,41415,3938,3014
12342,26897,6948,14201,5748
12347,100413,37485,50401,12527
12349,48302,6965,34500,6837
12402,8544,308,1,8235
12403,52246,47347,39,4860
12409,51906,39030,9572,3304
12410,137515,123517,2301,11697
12421,42217,7455,29668,5094
12422,47796,37731,6814,3251
12423,48578,23851,12353,12374
12424,40825,12321,26758,1746
12426,56423,41073,10798,4552
12427,81625,60656,13376,7593
12441,103789,80356,11460,11973
12463,46644,17177,23850,5617
13101,22026,21169,235,622
13102,29950,28430,1002,518
13103,55422,52169,1328,1925
13104,93985,89268,1995,2722
13105,57809,54562,2152,1095
13106,51793,51067,52,674
13107,70649,66219,2294,2136
13108,79591,73362,3382,2847
13109,96977,90680,3313,2984
13110,81242,77990,605,2647
13111,197437,190712,527,6198
13112,310947,287349,11613,11985
13113,69590,58641,8513,2436
13114,110528,106596,1521,2411
13115,213693,207392,86,6215
13116,83835,74351,7479,2005
13117,96995,88387,5469,3139
13119,151897,137795,10000,4102
13120,304267,294637,2809,6821
13121,261270,237013,15601,8656
13122,189814,139187,40080,10547
13123,231200,200927,20209,10064
13201,374696,319878,34849,19969
13202,79756,76830,1309,1617
13203,52130,50979,462,689
13204,84809,83007,3,1799
13205,147889,118333,19495,10061
13206,126657,121456,351,4850
13207,63002,58570,1155,3277
13208,110720,104789,257,5674
13209,274489,234909,26292,13288
13210,58535,57465,33,1037
13211,91405,88941,1062,1402
13212,94807,81330,9325,4152
13213,80592,79008,109,1475
13214,64007,62806,46,1155
13215,35325,33405,320,1600
13218,32159,25868,5449,842
13220,45772,43220,896,1656
13222,61381,59695,417,1269
13223,51652,48757,1182,1713
13224,41943,16271,22495,3177
13225,48759,42428,3619,2712
13227,28627,19820,8012,795
13228,108342,43609,57738,6995
13229,90106,88743,116,1247
13303,31839,9826,20530,1483
13305,27777,2862,22165,2750
13308,40622,30090,5100,5432
13361,34070,502,30337,3231
13362,3700,0,3436,264
13363,13787,0,13207,580
13364,13371,0,12700,671
13381,24289,0,23275,1014
13382,3121,0,2731,390
13401,35138,0,30634,4504
13402,1019,0,905,114
13421,10228,0,7075,3153
14101,102507,98087,3,4417
14102,92627,66972,21733,3922
14103,27272,26122,446,704
14104,49435,44394,3054,1987
14105,81581,70837,6253,4491
14106,97556,44540,46995,6021
14107,73214,67319,352,5543
14108,91375,78150,8109,5116
14109,147757,136083,4679,6995
14110,158660,53315,91332,14013
14111,108831,90370,10656,7805
14112,126660,3398,111450,11812
14113,79182,21195,52845,5142
14114,66370,3452,58183,4735
14115,68381,6559,53602,8220
14116,97534,26567,66211,4756
14117,108649,52568,52283,3798
14118,79856,75510,1357,2989
14131,60363,57939,44,2380
14132,44879,41951,7,2921
14133,74539,66264,3512,4763
14135,96548,79207,8451,8890
14136,82388,75584,3518,3286
14137,88234,40458,36306,11470
14151,281533,244236,17365,19932
14152,148558,143230,2483,2845
14153,167160,161238,2611,3311
14201,319362,291863,10188,17311
14203,241811,215242,4665,21904
14204,142732,132582,589,9561
14205,262507,212271,38558,11678
14206,274351,238751,2316,33284
14207,188240,176248,3156,8836
14208,50583,47237,64,3282
14210,74267,66682,1658,5927
14211,222049,192990,2678,26381
14212,242364,191730,31668,18966
14213,112584,107432,2433,2719
14214,142267,107166,17866,17235
14215,96930,69576,20407,6947
14216,81630,77654,582,3394
14217,92043,37972,41599,12472
14218,82340,77132,1337,3871
14321,50511,46581,296,3634
14342,37915,30105,3379,4431
14361,43406,28624,7573,7209
14362,35350,5797,24978,4575
14363,37190,28302,2765,6123
14364,72259,55359,4641,12259
14366,22929,13398,6374,3157
14384,39486,35399,634,3453
14401,74960,67864,164,6932
14402,22882,18606,53,4223
15101,205425,143202,17546,44677
15102,133898,81481,41387,11030
15103,142626,106567,31947,4112
15104,187058,118340,46214,22504
15105,213906,164926,26676,22304
15106,127186,6355,107849,12982
15107,263303,137493,103776,22034
15108,303115,121946,110347,70822
15202,1356402,981928,144123,230351
15204,390888,244801,64718,81369
15205,725616,595187,19847,110582
15206,399484,138473,178076,82935
15208,218036,61466,51456,105114
15209,122450,70293,4563,47594
15210,642726,245301,98193,299232
15211,153803,114221,11391,28191
15212,430645,132954,229490,68201
15213,223330,106738,95003,21589
15216,596334,510277,36599,49458
15217,314759,248750,22631,43378
15218,275593,176691,19854,79048
15222,1461627,1054001,267518,140108
15223,219715,73454,112284,33977
15224,580337,14767,438693,126877
15225,306947,33998,235424,37525
15226,352438,104257,189191,58990
15227,141583,2348,118747,20488
15307,42496,3702,34207,4587
15342,37468,1586,31763,4119
15361,52827,12747,4093,35987
15385,292131,121889,35674,134568
15405,79126,65070,5830,8226
15461,48775,20822,23123,4830
15482,142303,0,41248,101055
15504,43275,21266,15448,6561
15581,63598,4835,47281,11482
15584,2,1,1,0
15586,6327,1503,4015,809
16201,1320976,926303,206018,188655
16202,423762,298183,79088,46491
16204,211336,164401,17163,29772
16205,323616,191151,89064,43401
16206,131129,62733,49645,18751
16207,198736,129593,40876,28267
16208,199751,103577,76787,19387
16209,215535,162667,31753,21115
16210,424294,299433,80842,44019
16211,232930,161194,34831,36905
16301,2,0,2,0
16321,9481,2851,5303,1327
16322,160904,117901,19588,23415
16323,153873,95866,35323,22684
16342,95854,59164,28896,7794
16343,108302,84060,9358,14884
17201,747481,370117,286611,90753
17202,447189,364435,24167,58587
17203,411128,332600,29997,48531
17204,569396,490911,5347,73138
17205,224177,183811,6727,33639
17206,329180,230843,60102,38235
17207,108220,16416,72544,19260
17209,122748,76832,31830,14086
17210,379112,179878,135393,63841
17211,147551,101505,23733,22313
17212,41225,11192,29607,426
17324,28426,14096,7501,6829
17344,4493,6,18,4469
17361,235120,191910,12876,30334
17365,23251,9186,12888,1177
17384,242314,101284,103328,37702
17386,130877,69518,36778,24581
17407,136721,83527,32860,20334
17461,172945,152133,258,20554
17463,278448,225308,9949,43191
18201,753038,513757,117125,122156
18202,194139,136622,16892,40625
18204,168569,123400,9414,35755
18205,240257,160177,33218,46862
18206,180729,124332,11206,45191
18207,191863,142657,20766,28440
18208,152693,95510,32071,25112
18209,341279,251345,23547,66387
18210,284039,182227,47020,54792
18322,100497,68936,10075,21486
18382,79910,58852,1493,19565
18404,147300,86937,23260,37103
18423,193318,141220,9229,42869
18442,70328,43767,10261,16300
18481,69589,50085,4284,15220
18483,67231,25017,26702,15512
18501,124606,58060,39968,26578
19201,268549,56508,178841,33200
19202,90365,58816,20577,10972
19204,109546,38062,53191,18293
19205,172291,7211,134189,30891
19206,160272,83082,50526,26664
19207,132165,106,116496,15563
19208,198070,8134,172768,17168
19209,389584,3887,339997,45700
19210,148081,12852,115957,19272
19211,242581,13747,196541,32293
19212,154696,111567,27057,16072
19213,142584,6436,113174,22974
19214,65126,16870,40282,7974
19346,102086,18919,70337,12830
19365,270592,180174,60903,29515
19366,113871,43223,47271,23377
19368,90417,26634,52273,11510
19384,28948,1864,24046,3038
19422,28221,21681,1129,5411
19423,12299,40,10062,2197
19424,21439,5227,13267,2945
19425,23911,20961,1674,1276
19429,23403,5711,16797,895
19430,78206,54821,17138,6247
20201,1242971,779478,302739,160754
20202,524386,330667,138516,55203
20203,537986,363905,116309,57772
20204,119680,111086,969,7625
20205,390337,21667,341513,27157
20206,126982,116085,1538,9359
20207,147118,132558,3025,11535
20208,150409,14324,114237,21848
20209,329546,184016,103188,42342
20210,122661,99143,13769,9749
20211,209370,187861,3288,18221
20212,214334,109246,82993,22095
20213,217231,155917,37312,24002
20214,210283,167638,23784,18861
20215,169961,99750,51495,18716
20217,376820,32552,283245,61023
20218,185681,57146,109743,18792
20219,123987,458,88800,34729
20220,296925,36123,218423,42379
20303,58491,154,46684,11653
20304,34890,5378,23932,5580
20305,32301,7989,19236,5076
20306,22862,22,18119,4721
20307,17524,81,13627,3816
20309,95247,1955,80090,13202
20321,91982,1545,79750,10687
20323,53084,2393,42644,8047
20324,57441,0,45005,12436
20349,41832,28896,7591,5345
20350,60925,246,52470,8209
20361,50079,45998,346,3735
20362,102105,6798,81821,13486
20363,40432,29711,7470,3251
20382,82744,25904,40872,15968
20383,79809,5426,62716,11667
20384,48394,20753,23056,4585
20385,34256,0,28658,5598
20386,45083,13160,26570,5353
20388,22047,5016,14975,2056
20402,68130,42,62034,6054
20403,60889,322,51364,9203
20404,57272,1435,48738,7099
20407,75092,817,63915,10360
20409,7716,791,5777,1148
20410,19812,0,16747,3065
20411,37118,35,31134,5949
20412,10693,235,8264,2194
20413,23858,9050,11869,2939
20414,26260,174,21876,4210
20415,44921,16,39021,5884
20416,54942,0,46426,8516
20417,27610,8186,15529,3895
20422,29882,23711,3509,2662
20423,47372,11967,28452,6953
20425,28123,2647,20561,4915
20429,14210,3072,8985,2153
20430,27664,3999,19718,3947
20432,132574,52891,65043,14640
20446,39612,30223,5267,4122
20448,49194,17553,25967,5674
20450,22581,2148,17698,2735
20451,23335,20563,1010,1762
20452,82323,62288,8912,11123
20481,63372,31053,26255,6064
20482,33858,3340,25781,4737
20485,102410,64128,25454,12828
20486,103426,55449,107,47870
20521,72477,46522,18849,7106
20541,38961,36318,54,2589
20543,38192,6640,26858,4694
20561,46790,2131,40451,4208
20562,45377,33493,7147,4737
20563,38222,32292,2841,3089
20583,75895,11613,54638,9644
20588,103294,1771,89121,12402
20590,88007,29699,46362,11946
20602,54872,13914,33481,7477
21201,453836,364290,64131,25415
21202,271779,236593,13152,22034
21203,591302,506525,49377,35400
21204,131821,107841,18651,5329
21205,324055,272655,31523,19877
21206,381987,239909,118781,23297
21207,101288,93400,2618,5270
21208,138265,84697,46671,6897
21209,121517,107810,5085,8622
21210,283998,137268,125726,21004
21211,133606,93739,33290,6577
21212,106445,58084,41311,7050
21213,169189,151763,12091,5335
21214,149740,134114,9988,5638
21215,133714,124753,1719,7242
21216,85225,72584,7679,4962
21217,254330,187634,41666,25030
21218,151359,86025,47409,17925
21219,461664,416997,19563,25104
21220,376703,334586,20573,21544
21221,117771,69964,39184,8623
21302,25322,23372,20,1930
21303,25627,23217,367,2043
21341,113460,100019,5972,7469
21361,77690,62743,10643,4304
21362,42339,39143,223,2973
21381,38329,31082,4444,2803
21382,44447,36713,5081,2653
21401,213180,175670,18217,19293
21403,63157,56063,3503,3591
21404,56421,36067,15987,4367
21421,16720,10306,5807,607
21501,20779,19656,484,639
21502,22328,17765,3464,1099
21503,40485,28887,9194,2404
21504,58907,52426,2299,4182
21505,91697,84311,3543,3843
21506,115262,67098,40158,8006
21507,30639,15615,12436,2588
21521,58826,50839,4531,3456
21523,3,2,1,0
21604,29946,22327,5522,2097
22101,486344,377290,56630,52424
22102,229455,199810,11717,17928
22103,446945,393431,24554,28960
22131,174062,140648,25451,7963
22132,131650,16883,107165,7602
22133,209640,54521,142562,12557
22134,113671,5599,99788,8284
22135,332591,203781,105086,23724
22136,151434,23173,122154,6107
22137,268096,232152,13104,22840
22203,289055,235662,26747,26646
22205,74974,67373,3380,4221
22206,126223,59859,57247,9117
22207,376826,247799,83626,45401
22208,149699,103686,39332,6681
22209,320228,160157,127108,32963
22210,506823,421511,27243,58069
22211,303702,72131,207229,24342
22212,205020,132168,59361,13491
22213,404452,191028,183336,30088
22214,355166,295576,25844,33746
22215,192366,65269,111717,15380
22216,204243,80675,109616,13952
22219,91955,80603,1973,9379
22220,122975,97259,12165,13551
22221,134513,94891,31809,7813
22222,184570,115226,45233,24111
22223,125646,93,118593,6960
22224,173057,90,162963,10004
22225,113855,61306,42768,9781
22226,170077,0,160802,9275
22301,48948,44210,973,3765
22302,51275,44142,1041,6092
22304,88511,76695,472,11344
22305,54327,42389,4583,7355
22306,52756,42795,3684,6277
22325,69785,21758,43310,4717
22341,37544,23075,9202,5267
22342,51852,11719,37029,3104
22344,81363,9097,62960,9306
22361,10143,7,1,10135
22424,45710,191,42617,2902
22429,88352,73911,4715,9726
22461,73476,20167,45679,7630
23101,49757,48511,280,966
23102,20321,17737,1622,962
23103,66520,58379,2601,5540
23104,64532,52305,9636,2591
23105,70372,57176,8673,4523
23106,24928,11322,13334,272
23110,111926,102981,4994,3951
23111,76843,66308,8057,2478
23112,65038,61367,1283,2388
23113,94184,80404,10500,3280
23114,125173,85656,36960,2557
23115,48771,47218,981,572
23116,55779,50748,4296,735
23201,489766,440726,26469,22571
23202,585572,509043,38610,37919
23203,428427,389681,14269,24477
23204,158073,131689,19248,7136
23205,116786,105769,6966,4051
23206,219729,160233,52344,7152
23207,316408,300806,2194,13408
23208,72223,68155,2244,1824
23209,92749,85953,3595,3201
23210,133873,109716,18065,6092
23211,941427,832167,53502,55758
23212,207760,185491,14439,7830
23213,347202,276790,58353,12059
23214,181193,169077,3853,8263
23215,127126,119930,91,7105
23216,120070,110512,4738,4820
23217,107443,76764,26884,3795
23219,177440,154781,11660,10999
23220,223587,206759,7908,8920
23221,355034,331066,835,23133
23222,113882,108474,2521,2887
23223,112717,101175,5974,5568
23224,111518,99705,8955,2858
23225,62024,51220,7807,2997
23226,58166,46726,10685,755
23227,46752,44784,3,1965
23228,43071,32357,9143,1571
23229,68860,50189,16317,2354
23230,83932,76828,4216,2888
23231,281981,256734,7973,17274
23233,59884,50604,7184,2096
23234,64057,59093,1113,3851
23235,73495,68290,2129,3076
23236,62649,27381,33649,1619
23237,101628,94335,2542,4751
23238,44745,36890,6244,1611
23302,48050,38830,7523,1697
23342,17168,15748,14,1406
23361,36287,545,26872,8870
23362,36075,19662,15599,814
23424,28033,24471,2180,1382
23425,39713,35926,1500,2287
23427,14515,12751,1226,538
23441,63565,59176,1536,2853
23442,78924,74961,868,3095
23446,94236,88488,1429,4319
23447,61384,58420,1221,1743
23482,3676,50,1,3625
23501,104839,91393,7550,5896
23521,115,14,3,98
23561,102432,91910,2650,7872
23562,59106,54197,256,4653
23563,38470,35305,123,3042
24201,795954,617946,61962,116046
24202,436250,340066,50249,45935
24203,263795,202665,28888,32242
24204,542798,386795,52360,103643
24205,231264,188197,14865,28202
24207,369802,307949,20262,41591
24208,176176,125384,17277,33515
24209,51860,42155,466,9239
24210,179898,138308,3843,37747
24211,70120,34984,22916,12220
24212,169382,125583,2559,41240
24214,225527,165138,24264,36125
24215,217521,98550,81606,37365
24216,718394,470741,109640,138013
24303,17924,12798,4809,317
24324,44447,21123,20063,3261
24341,96131,84289,1693,10149
24343,16663,12414,2958,1291
24344,19189,13948,3710,1531
24441,136454,93541,18819,24094
24442,73638,63526,3326,6786
24443,113340,88573,6396,18371
24461,63608,54211,39,9358
24470,104548,52452,6130,45966
24471,78967,64640,2211,12116
24472,137404,99803,1595,36006
24543,101225,82716,4905,13604
24561,73730,42608,12185,18937
24562,94332,70785,4791,18756
25201,376323,293038,45759,37526
25202,216953,178214,10277,28462
25203,479131,318797,102314,58020
25204,152762,110434,25430,16898
25206,116673,99735,8541,8397
25207,103395,81458,11057,10880
25208,78333,62274,8739,7320
25209,339505,267839,30662,41004
25210,94099,64697,14420,14982
25211,65331,51363,8845,5123
25212,293443,197788,60300,35355
25213,337109,216763,72769,47577
25214,192098,139071,27791,25236
25383,115739,81130,19681,14928
25384,39792,19620,13852,6320
25421,1,0,1,0
25425,64093,38621,14408,11064
25441,18876,12127,3461,3288
25442,21523,10173,8384,2966
25443,61125,46711,4920,9494
26101,77551,68636,3684,5231
26102,40861,33035,4528,3298
26103,133207,111705,5282,16220
26104,47997,41648,3479,2870
26105,30246,25000,2059,3187
26106,40450,34165,3076,3209
26107,52160,42775,6653,2732
26108,187418,157248,7578,22592
26109,158272,136316,13335,8621
26110,88812,79947,4896,3969
26111,98134,75215,14850,8069
26201,496916,257109,149289,90518
26202,336700,284278,5541,46881
26203,296529,221869,15974,58686
26204,134576,125022,4141,5413
26205,159309,105729,24067,29513
26206,220603,168318,14839,37446
26207,77278,69618,4151,3509
26208,38549,36551,269,1729
26209,62487,59012,895,2580
26210,60517,50221,7051,3245
26211,81235,5667,68057,7511
26212,512098,391541,28123,92434
26213,245213,182742,20365,42106
26214,130226,63924,50857,15445
26322,27075,22049,3245,1781
26343,24349,18827,327,5195
26344,39749,31520,223,8006
26365,35579,15142,14254,6183
26366,57465,51639,1033,4793
26367,34127,26476,616,7035
26407,184162,132624,12402,39136
26463,63358,53276,659,9423
26465,117092,55490,38606,22996
27102,20821,20281,2,538
27103,22969,22075,60,834
27104,20776,19768,295,713
27107,20345,4803,15496,46
27108,25056,15197,9547,312
27109,18083,16233,1153,697
27111,15581,12078,3214,289
27113,31612,30380,316,916
27117,32387,31158,8,1221
27118,42599,41383,16,1200
27122,48403,43017,4178,1208
27123,45455,37296,6530,1629
27124,33869,29218,2920,1731
27125,32793,28549,3549,695
27126,66427,57847,5307,3273
27127,32766,31303,100,1363
27128,33920,30461,2490,969
27141,62778,59976,377,2425
27142,77255,72459,768,4028
27143,54067,49951,27,4089
27144,76853,69852,3813,3188
27145,73001,66529,2017,4455
27146,57222,52054,2597,2571
27147,38434,35262,217,2955
27202,181891,156201,10388,15302
27203,152640,138408,7911,6321
27204,64949,58327,549,6073
27205,106921,99753,2266,4902
27206,41406,36846,1729,2831
27207,230358,206464,3441,20453
27208,93319,81440,3109,8770
27209,64904,46357,15825,2722
27210,228108,182292,29970,15846
27211,164104,129618,18597,15889
27212,167787,158157,1287,8343
27213,103245,92085,2554,8606
27214,89401,73633,7850,7918
27215,131961,119162,3382,9417
27216,114093,94484,9891,9718
27217,80597,74350,957,5290
27218,71299,65616,1798,3885
27219,156742,131865,9014,15863
27220,83918,65564,10117,8237
27223,68049,59594,4347,4108
27224,51639,44300,4051,3288
27225,34948,31951,1387,1610
27226,42264,39228,585,2451
27227,269931,248997,8669,12265
27228,69353,58231,3647,7475
27229,43418,23905,14726,4787
27230,62793,57743,564,4486
27231,37809,35080,186,2543
27232,54150,44360,5088,4702
27301,18880,17107,105,1668
27321,34296,28265,1164,4867
27322,57997,43011,7965,7021
27361,45555,37010,4730,3815
27362,7213,306,5712,1195
27366,40186,32770,272,7144
27381,26260,22957,61,3242
27382,33204,27792,945,4467
27383,20459,17710,177,2572
28101,52373,39418,9946,3009
28102,45844,25286,18030,2528
28105,38231,16620,20159,1452
28106,47311,41700,3740,1871
28107,62356,49372,9295,3689
28108,95811,80061,10524,5226
28109,235827,146827,63801,25199
28110,35813,9693,24868,1252
28111,210851,98700,86852,25299
28201,673641,452056,132995,88590
28202,183824,151362,23303,9159
28203,170306,63842,94093,12371
28204,186168,148033,20593,17542
28205,213080,162343,12460,38277
28206,28438,21821,5161,1456
28207,100903,78782,11690,10431
28208,78912,54771,13649,10492
28209,549141,422304,53643,73194
28210,285082,109070,143156,32856
28212,110845,85819,13069,11957
28213,105420,65093,27110,13217
28214,141715,110822,19748,11145
28215,215803,92691,90730,32382
28216,78324,8185,59931,10208
28217,120641,88503,22365,9773
28218,114235,19339,76823,18073
28219,169843,104741,37136,27966
28220,184374,98995,51917,33462
28221,290123,219637,24426,46060
28222,211055,145992,35089,29974
28223,341680,140959,155116,45605
28224,237947,71135,114771,52041
28225,190708,81410,84560,24738
28226,293803,187664,49677,56462
28227,228045,22965,163397,41683
28228,158537,73113,64167,21257
28229,236222,140473,67161,28588
28301,63182,35626,16600,10956
28365,85163,34907,39583,10673
28381,62465,14336,38723,9406
28382,28921,23254,3393,2274
28442,54516,8954,36117,9445
28443,56242,7805,38425,10012
28446,58363,7449,39605,11309
28464,56732,48220,5057,3455
28481,87793,34182,27490,26121
28501,236648,160561,41000,35087
28585,187017,131035,25372,30610
28586,139401,112462,6254,20685
29201,432668,322201,72486,37981
29202,53893,23489,24424,5980
29203,111315,100363,2463,8489
29204,135018,108687,10252,16079
29205,122366,110378,3016,8972
29206,140777,121161,5843,13773
29207,171940,129764,23459,18717
29208,89156,76499,1993,10664
29209,126786,98035,17227,11524
29210,64362,29348,29548,5466
29211,63027,1981,50325,10721
29212,214728,120224,68437,26067
29322,69558,9455,50932,9171
29342,39809,14701,19642,5466
29343,19313,11041,6814,1458
29344,39128,29361,6463,3304
29345,14209,12493,372,1344
29361,15147,13738,49,1360
29363,57403,50321,2026,5056
29385,23630,18615,2141,2874
29386,31396,23016,3149,5231
29401,33410,29146,259,4005
29402,33849,18635,10732,4482
29424,18509,13416,3880,1213
29425,19125,10164,6853,2108
29426,39665,6084,28381,5200
29427,22501,10958,8392,3151
29441,60606,13289,37010,10307
29442,42026,4129,34246,3651
29443,45581,19407,19341,6833
29444,14356,5562,6201,2593
29446,22736,9741,8982,4013
29447,10230,7300,367,2563
29449,63624,59089,7,4528
29450,12089,5485,5261,1343
29451,7613,4957,1829,827
29452,32296,29796,144,2356
29453,34057,26644,2845,4568
30201,396119,259231,100297,36591
30202,128754,8669,103468,16617
30203,134689,52408,65423,16858
30204,52893,7209,40443,5241
30205,59615,26105,29026,4484
30206,300924,98059,160146,42719
30207,84117,58870,14615,10632
30208,206130,7638,169028,29464
30209,57458,5,50100,7353
30304,75892,6398,60237,9257
30341,98100,3945,79758,14397
30343,27345,1929,21852,3564
30344,27827,18645,5874,3308
30361,27586,6491,19269,1826
30362,38233,0,33906,4327
30366,159087,11430,129334,18323
30381,13999,0,11951,2048
30382,37933,3,34803,3127
30383,25209,6,22839,2364
30390,64007,18640,40671,4696
30391,66713,21624,36700,8389
30392,82547,5538,69927,7082
30401,85302,46077,27740,11485
30404,39076,10243,24142,4691
30406,38452,15802,14983,7667
30421,110361,86067,9090,15204
30422,9631,0,9116,515
30424,51691,40395,4651,6645
30427,6705,2558,3203,944
30428,88326,62671,13709,11946
31201,660653,427875,133802,98976
31202,276528,168396,77942,30190
31203,241372,163655,42965,34752
31204,66818,52973,9617,4228
31302,81591,38862,25648,17081
31325,69567,54373,6532,8662
31328,92061,49262,23674,19125
31329,128493,39396,58400,30697
31364,73918,25457,31487,16974
31368,2615,0,1728,887
31370,87271,6438,66320,14513
31371,107112,33252,52206,21654
31372,72142,3543,54930,13669
31381,1,0,1,0
31384,8561,0,7144,1417
31386,139521,30858,83847,24816
31389,98385,60314,20756,17315
31390,123853,83250,19178,21425
31401,129091,68762,34847,25482
31402,71617,51016,6865,13736
31403,66853,44532,11486,10835
32201,561263,200680,283235,77348
32202,402465,154611,108400,139454
32203,685208,255818,340789,88601
32204,405285,130914,27175,247196
32205,287218,104327,80293,102598
32206,310863,149962,103697,57204
32207,173536,83211,50078,40247
32209,390421,18602,287615,84204
32304,6820,1,72,6747
32343,210328,40608,117142,52578
32385,2,0,2,0
32386,88518,4855,57842,25821
32441,40659,2017,31132,7510
32448,81550,1918,61983,17649
32449,227622,58294,118995,50333
32501,138815,73200,29319,36296
32505,90941,54622,22756,13563
32525,27840,1895,19771,6174
32526,23056,4521,13561,4974
32527,8859,40,6562,2257
32528,121956,19510,77880,24566
33101,508951,271782,230473,6696
33102,134772,73180,59547,2045
33103,218451,43133,171745,3573
33104,179184,45069,132638,1477
33201,108752,1018,2880,104854
33202,747102,247669,408780,90653
33203,465017,516,376203,88298
33204,137749,79023,41949,16777
33205,223880,38,183364,40478
33207,286854,0,243201,43653
33208,224892,928,180719,43245
33209,402376,21835,314967,65574
33210,365137,181667,132271,51199
33211,153443,15,119036,34392
33212,176738,375,146765,29598
33213,210584,1866,170538,38180
33214,452908,20552,355265,77091
33215,327398,45,258178,69175
33216,121654,2,100601,21051
33303,8982,140,2,8840
33321,8241,0,12,8229
33323,1,0,1,0
33346,100027,60,77767,22200
33423,19007,0,16744,2263
33445,26435,2145,20445,3845
33461,98529,0,80366,18163
33586,13660,24,9748,3888
33606,149866,162,116528,33176
33622,65135,3572,50109,11454
33623,58461,4099,42949,11413
33643,20905,0,16263,4642
33645,1,0,1,0
33646,4,0,3,1
33663,90413,6,71723,18684
33666,219281,33,179097,40151
33681,205827,103,169646,36078
34101,35979,29037,5587,1355
34102,90830,71638,8291,10901
34103,73329,46990,17039,9300
34104,82520,62158,11471,8891
34105,243849,194629,19926,29294
34106,429612,338068,18785,72759
34107,119642,85402,13912,20328
34108,193666,113613,42949,37104
34202,558309,279592,178379,100338
34203,124123,95625,7287,21211
34204,452799,175379,197031,80389
34205,521163,387549,60302,73312
34207,851672,344870,322583,184219
34208,210951,122028,44920,44003
34209,524701,117468,289542,117691
34210,539016,228210,171231,139575
34211,51220,6488,33518,11214
34212,713382,38537,533850,140995
34213,213484,113262,59945,40277
34214,390354,61439,246760,82155
34215,152869,7311,114818,30740
34302,29613,23230,3253,3130
34304,37235,31934,445,4856
34307,63326,2323,52732,8271
34309,28397,23351,575,4471
34368,132032,15,100627,31390
34369,368191,66810,227543,73838
34431,50855,25829,17909,7117
34462,211638,10082,151690,49866
34545,236133,44731,111509,79893
35201,555727,181570,276854,97303
35202,295870,204006,42021,49843
35203,581266,285379,166778,129109
35204,350133,37666,240426,72041
35206,227793,13063,158924,55806
35207,96224,67299,14539,14386
35208,556861,23378,414771,118712
35210,113279,0,92508,20771
35211,205466,32049,133805,39612
35212,155005,4620,114819,35566
35213,239427,93341,100576,45510
35215,375244,211558,85968,77718
35216,128277,157,102163,25957
35305,200249,38,158941,41270
35321,11332,0,8992,2340
35341,28449,0,23108,5341
35343,64556,0,52158,12398
35344,50206,0,39075,11131
35462,4130,0,1,4129
35502,53491,23,43233,10235
36201,332307,196973,95174,40160
36202,144409,60423,59145,24841
36203,80244,20594,49207,10443
36204,279048,222532,20640,35876
36205,149372,1198,121003,27171
36206,189487,18932,136633,33922
36207,226847,48840,128607,49400
36208,287689,133531,105865,48293
36301,47509,33965,5859,7685
36302,35036,6151,22894,5991
36321,34948,25886,2934,6128
36341,62841,17127,37439,8275
36342,109201,79422,13260,16519
36368,138311,68044,46518,23749
36383,25230,20922,1518,2790
36387,51965,40495,3846,7624
36388,85498,58767,14085,12646
36401,20699,285,15493,4921
36402,23582,665,18568,4349
36403,47388,41350,3142,2896
36404,50440,9698,32175,8567
36405,52006,22930,19747,9329
36422,3,0,3,0
36466,1,0,1,0
36468,103707,13549,67130,23028
36489,101750,45443,41514,14793
37201,650010,81996,428996,139018
37202,230944,93939,92032,44973
37203,152711,121549,9329,21833
37204,67081,408,52478,14195
37205,180920,50160,49432,81328
37206,192955,2,140157,52796
37207,138723,0,97339,41384
37208,352372,0,203790,148582
37322,95218,0,22566,72652
37324,96839,200,26102,70537
37341,104678,44338,37775,22565
37364,9076,0,7369,1707
37381,1,0,1,0
37386,16485,9572,5517,1396
37387,121862,557,70050,51255
37403,20373,14198,3494,2681
37404,56488,32814,10688,12986
37406,127832,12373,90461,24998
38201,678933,185035,138753,355145
38202,589612,48228,200439,340945
38203,407339,66170,104587,236582
38204,153616,8175,98726,46715
38205,180728,74830,2271,103627
38206,347439,19112,110902,217425
38207,339892,22005,95660,222227
38209,15,0,1,14
38210,214681,0,60762,153919
38213,263902,9408,134069,120425
38214,430025,0,331973,98052
38215,130694,0,24848,105846
38356,47721,3184,37030,7507
38386,218405,0,130316,88089
38401,42590,2328,32721,7541
38402,81404,0,64398,17006
38422,188249,0,120980,67269
38442,138708,0,88749,49959
38484,51152,0,39242,11910
38488,124900,0,93368,31532
38506,156238,0,107400,48838
39201,537476,324318,108546,104612
39202,100626,37181,6968,56477
39203,139359,49263,3220,86876
39204,201690,124323,20223,57144
39205,153304,97462,7065,48777
39206,119079,52520,5431,61128
39208,144808,97799,23633,23376
39209,112271,69923,18349,23999
39210,328711,193140,63933,71638
39211,169787,107188,26818,35781
39212,296520,185580,53232,57708
39301,25596,4866,2032,18698
39303,10803,49,7450,3304
39304,40599,27218,7359,6022
39305,31711,13900,9340,8471
39306,13304,1712,8984,2608
39307,34149,3755,3356,27038
39341,58949,17244,26457,15248
39344,143235,25999,84106,33130
39363,81914,14559,53689,13666
39364,7895,0,6812,1083
39386,193530,88082,64778,40670
39387,216039,1569,149359,65111
39401,58954,25788,20492,12674
39402,100444,7697,51117,41630
39403,133532,70686,25598,37248
39405,74343,16,63432,10895
39410,45175,1635,35916,7624
39411,106175,310,45921,59944
39412,211114,63284,105402,42428
39424,50667,23999,19455,7213
39427,29658,180,18866,10612
39428,128415,82042,24243,22130
40101,104743,89993,5132,9618
40103,85267,13567,60914,10786
40105,26268,24740,97,1431
40106,92644,86121,1312,5211
40107,236347,173551,35568,27228
40108,51425,41546,7266,2613
40109,197033,160689,22904,13440
40131,141590,121901,11544,8145
40132,89531,82164,1765,5602
40133,40401,32868,5217,2316
40134,103319,96201,2091,5027
40135,152938,126179,16117,10642
40136,54231,47179,4305,2747
40137,123557,56122,53382,14053
40202,164211,128154,23117,12940
40203,456982,121967,278712,56303
40204,114231,95675,7859,10697
40205,235113,16713,195507,22893
40206,85691,54564,22024,9103
40207,129888,6473,104382,19033
40210,369007,119,345567,23321
40211,82566,27965,46444,8157
40212,85930,64725,13605,7600
40213,132339,11704,94772,25863
40214,94039,0,76896,17143
40215,43295,520,41360,1415
40216,92747,49683,35349,7715
40217,107064,1977,91641,13446
40218,41939,9680,29855,2404
40219,46903,0,45490,1413
40220,144877,7976,129681,7220
40221,60794,5838,54218,738
40223,78026,64672,5806,7548
40224,83873,2014,71230,10629
40225,126860,4,102381,24475
40226,141560,100683,18831,22046
40227,125018,432,96468,28118
40228,239934,106926,97252,35756
40229,133710,9260,102158,22292
40230,236304,1386,200864,34054
40231,60972,6317,48935,5720
40341,39086,0,33814,5272
40342,36496,92,29875,6529
40343,23263,0,19830,3433
40344,28704,5,24825,3874
40345,38593,31330,2255,5008
40348,24291,7,21570,2714
40349,32053,0,25951,6102
40381,13091,130,12354,607
40382,20922,3,20481,438
40383,51405,145,48984,2276
40384,33125,15,32573,537
40401,24693,19963,2123,2607
40402,295,0,253,42
40421,30467,0,25209,5258
40447,84107,32986,38864,12257
40448,27903,2,23280,4621
40463,2,1,1,0
40483,1,0,1,0
40503,36089,0,30688,5401
40522,38835,0,35853,2982
40541,19789,0,8243,11546
40543,13171,0,16,13155
40544,56864,0,48526,8338
40546,7190,0,10,7180
40601,38166,20174,12210,5782
40602,65524,44770,10223,10531
40604,12200,2707,8101,1392
40605,37474,0,32899,4575
40608,20577,14895,3133,2549
40609,19811,5394,10442,3975
40610,48310,11512,30638,6160
40621,49389,9504,30355,9530
40625,117413,68,88422,28923
40642,12915,0,10448,2467
40646,50778,0,39668,11110
40647,95181,3358,70360,21463
41201,408667,47089,316783,44795
41202,565162,835,384255,180072
41203,103428,3226,83446,16756
41204,86190,619,76649,8922
41205,288709,6813,194788,87108
41206,238561,7,197290,41264
41207,121780,0,22956,98824
41208,115293,0,97588,17705
41209,149330,0,1017,148313
41210,115924,7247,89750,18927
41302,3111,0,1,3110
41303,1796,0,7,1789
41304,2056,0,3,2053
41324,2,0,1,1
41327,43178,27,35604,7547
41341,25385,57,19999,5329
41345,16561,111,13321,3129
41346,68232,3010,52244,12978
41387,58018,0,47901,10117
41401,76682,65,4083,72534
41423,13959,20,11756,2183
41424,25100,125,21508,3467
41425,85361,1188,68095,16078
41441,55655,0,29522,26133
42201,638308,344969,230504,62835
42202,622621,402314,167849,52458
42203,122492,24674,37090,60728
42204,382563,27045,294053,61465
42205,147965,46597,88442,12926
42207,252704,103269,118581,30854
42208,178521,50908,102866,24747
42209,201298,64999,100128,36171
42210,244226,305,205296,38625
42211,261460,108860,115951,36649
42212,248600,0,207573,41027
42213,244513,4298,197794,42421
42214,283462,29171,195192,59099
42307,52573,1504,44374,6695
42308,43518,779,36882,5857
42321,68431,12,61432,6987
42322,46112,2,39450,6660
42323,60733,2920,50767,7046
42342,1,0,1,0
42382,2,0,1,1
42383,28161,200,23050,4911
42389,2450,0,2,2448
42391,43602,93,36164,7345
42411,149070,0,129357,19713
42421,1,0,1,0
43101,83687,65281,14847,3559
43102,105800,24200,75091,6509
43103,147630,133116,2414,12100
43104,201611,109034,77780,14797
43105,202336,126941,62147,13248
43201,8736,74,24,8638
43202,394663,221704,132094,40865
43203,95906,0,84738,11168
43204,89987,1954,78154,9879
43205,76522,0,67660,8862
43206,191971,731,170545,20695
43208,249100,11836,208042,29222
43210,184304,34116,128025,22163
43211,83259,4244,68811,10204
43212,137282,3,121636,15643
43213,209663,377,186042,23244
43214,130977,19563,93950,17464
43215,534939,1761,470639,62539
43216,73844,310,66560,6974
43348,114864,0,100182,14682
43364,24592,0,21886,2706
43365,1,0,1,0
43367,74113,0,66318,7795
43368,30771,194,28208,2369
43369,99427,0,89176,10251
43403,71688,1535,63789,6364
43404,47483,1735,43049,2699
43422,3,0,3,0
43423,34254,9906,19691,4657
43424,55974,25193,23742,7039
43425,18651,8,15308,3335
43428,58653,14779,36328,7546
43432,25961,1040,21949,2972
43433,66439,10,57412,9017
43441,89927,77298,4802,7827
43442,27292,19244,6096,1952
43443,76713,65067,6478,5168
43444,59038,0,51808,7230
43447,262676,125923,104239,32514
43463,1,0,1,0
43468,33245,7,28105,5133
43482,113603,1,95781,17821
43484,26832,0,23881,2951
43501,52370,0,47238,5132
43505,53781,28666,18511,6604
43506,18739,0,16185,2554
43507,17495,1,14964,2530
43510,33794,0,29719,4075
43511,16505,9531,6271,703
43512,28376,4,24773,3599
43513,52492,0,47766,4726
43514,66814,16,60139,6659
43531,52374,0,46583,5791
44201,699697,536680,97665,65352
44202,129333,106242,12062,11029
44203,338294,188616,102965,46713
44204,289584,2203,253813,33568
44205,379681,85708,234005,59968
44206,287946,235769,21678,30499
44207,98852,74269,14624,9959
44208,332986,196957,87768,48261
44209,198876,708,171121,27047
44210,237703,99841,103308,34554
44211,400401,303875,37650,58876
44212,420443,198091,170979,51373
44213,187569,1853,152670,33046
44214,291379,8558,234090,48731
44322,11499,11,9069,2419
44341,86739,26247,50124,10368
44461,79319,29290,39520,10509
44462,108185,61929,31875,14381
44522,2,1,1,0
45201,674179,295439,234315,144425
45202,517122,66069,382163,68890
45203,343784,174220,70640,98924
45204,278190,77560,95773,104857
45205,227084,94408,121165,11511
45206,183361,99564,30962,52835
45207,170620,119627,30128,20865
45208,172095,105922,45088,21085
45209,127527,28565,86179,12783
45321,4998,0,29,4969
45322,6135,0,91,6044
45341,62404,1423,52220,8761
45345,4,0,3,1
45361,61188,0,56530,4658
45362,3585,1,16,3568
45382,90267,32368,47192,10707
45383,31084,3413,24379,3292
45401,54141,12406,34603,7132
45402,68108,0,57123,10985
45403,12721,884,9725,2112
45404,29501,295,24222,4984
45405,82865,1241,72622,9002
45406,53530,183,43836,9511
45421,51286,1351,42163,7772
45429,38762,0,34562,4200
45430,42331,17679,20440,4212
45431,121904,8441,89457,24006
45441,119464,21130,83976,14358
45442,75380,1769,61781,11830
45443,52583,13203,34068,5312
46201,733138,383182,299839,50117
46203,334379,86859,214368,33152
46204,103806,0,90047,13759
46206,140285,2411,120641,17233
46208,215430,1072,185356,29002
46209,22677,65,31,22581
46210,180425,16857,140070,23498
46211,2,0,2,0
46213,117858,47407,57793,12658
46214,84023,36748,35550,11725
46215,473924,3913,410565,59446
46216,317174,0,282460,34714
46217,308393,0,269038,39355
46218,411564,3723,362531,45310
46219,118923,5285,98614,15024
46220,337540,119,291693,45728
46221,202418,3,179685,22730
46222,120101,61129,46174,12798
46223,431952,64,374864,57024
46224,171966,1356,169329,1281
46225,183830,1781,181377,672
46303,3830,2115,1088,627
46304,11215,5657,4166,1392
46344,1,0,1,0
46383,1,0,1,0
46392,197438,1223,171422,24793
46404,104512,44,90623,13845
46421,10322,62,27,10233
46441,6257,0,83,6174
46442,6843,0,960,5883
46443,8168,12,17,8139
46452,85195,194,72265,12736
46467,1,0,1,0
46468,107642,0,98550,9092
46482,32601,0,29748,2853
46485,2,0,2,0
46490,61824,5567,47988,8269
46491,91190,41743,39058,10389
46492,90989,21531,56898,12560
46501,82508,13159,60192,9157
46502,60243,16004,39323,4916
46505,97888,9,83259,14620
46523,24249,14184,4372,5693
46524,32183,24227,5792,2164
46525,76318,56045,14800,5473
46527,35001,7398,21591,6012
46529,69617,36540,27405,5672
46530,74773,38660,27736,8377
46531,36334,14620,17188,4526
46532,47377,26488,16967,3922
46533,43416,290,35245,7881
46534,45621,803,37371,7447
46535,29680,0,27805,1875
47201,132331,0,127876,4455
47202,2,0,2,0
47205,61729,339,57225,4165
47207,109830,480,98944,10406
47208,66046,66,62503,3477
47209,137113,173,123514,13426
47210,82329,300,75015,7014
47211,107187,1545,99755,5887
47212,47527,0,45306,2221
47213,207736,10445,185030,12261
47214,201440,29436,159222,12782
47215,110296,0,101108,9188
47301,48356,0,42548,5808
47302,37124,0,33707,3417
47303,15651,0,14030,1621
47306,52748,0,48139,4609
47308,75220,0,70514,4706
47311,49542,1,45458,4083
47313,23882,0,22357,1525
47314,34726,0,31581,3145
47315,29731,0,28495,1236
47324,61654,22,56404,5228
47325,20922,144,19578,1200
47326,29486,938,27373,1175
47327,30906,256,27543,3107
47328,37376,2,33949,3425
47329,38347,0,36639,1708
47348,17165,0,15743,1422
47350,33429,0,31315,2114
47353,6515,0,6285,230
47354,8991,0,8273,718
47355,20247,0,19219,1028
47356,6966,0,6412,554
47357,10120,0,9793,327
47358,3388,1,3149,238
47359,16082,0,14735,1347
47360,23827,0,22289,1538
47361,63699,0,57267,6432
47362,54322,0,49039,5283
47375,9496,0,8221,1275
47381,43939,1790,37511,4638
47382,9849,0,8705,1144
