code,total,ninni_zahyou,kokyo_zahyou,special_chiban
01101,64703,6973,55953,1777
01102,141275,204,139928,1143
01103,112496,26496,85000,1000
01104,77736,31741,45573,422
01105,66079,0,65459,620
01106,125512,0,123916,1596
01107,84888,42524,41447,917
01108,38961,8282,30299,380
01109,69599,19005,49757,837
01110,65130,0,64363,767
01202,225760,42459,175740,7561
01203,124669,10876,109696,4097
01204,320563,43482,264908,12173
01205,76271,15361,57984,2926
01206,182595,89076,80827,12692
01207,158609,17943,135940,4726
01208,183303,7599,167784,7920
01209,13941,1476,11209,1256
01210,141018,4888,126733,9397
01211,75287,0,71971,3316
01212,32750,8467,22237,2046
01213,132381,35281,96286,814
01214,60998,5139,50811,5048
01215,54205,1345,49327,3533
01216,38907,3935,32790,2182
01217,91095,14621,74065,2409
01218,18119,2087,14781,1251
01219,52255,3722,44407,4126
01220,86033,8674,72972,4387
01221,73547,12971,56705,3871
01222,19404,0,18511,893
01223,37794,0,33750,4044
01224,91590,7700,81641,2249
01225,58863,1134,54774,2955
01226,25117,12870,11009,1238
01227,4515,0,4278,237
01228,83577,1387,77382,4808
01229,63158,39809,20490,2859
01230,49563,6274,41187,2102
01231,54799,1688,50485,2626
01233,90343,5028,79730,5585
01234,73145,1376,70745,1024
01235,101879,8369,86667,6843
01236,74041,1495,68218,4328
01303,51422,1084,46618,3720
01304,12911,843,10506,1562
01331,36336,0,31499,4837
01332,19915,31,18151,1733
01333,21071,403,19730,938
01334,22058,212,20672,1174
01337,55882,18,53703,2161
01343,17348,0,16979,369
01345,58965,48449,8513,2003
01346,64506,417,57970,6119
01347,31919,1789,27100,3030
01361,24886,21,23189,1676
01362,32778,1095,28960,2723
01363,33771,593,31239,1939
01364,20071,0,18587,1484
01367,13353,10508,548,2297
01370,39876,5448,32311,2117
01371,58247,699,50762,6786
01391,17957,0,16326,1631
01392,20435,11,19165,1259
01393,33341,2206,28730,2405
01394,46993,5191,38529,3273
01395,44173,1149,36414,6610
01396,29714,0,27058,2656
01397,21640,0,20542,1098
01398,32777,0,30842,1935
01399,33099,0,31331,1768
01400,49650,3549,42114,3987
01401,48336,6703,38205,3428
01402,17106,3805,12308,993
01403,9432,4188,3778,1466
01404,8300,5903,964,1433
01405,22243,0,19306,2937
01406,12973,1633,9782,1558
01407,21381,0,19758,1623
01408,51330,0,49428,1902
01409,15644,0,14806,838
01423,20182,0,17927,2255
01424,13131,333,11799,999
01425,2823,133,2497,193
01427,26467,0,25068,1399
01428,48466,0,45208,3258
01429,52849,1556,48926,2367
01430,20562,490,18343,1729
01431,19891,1622,16915,1354
01432,46081,5292,36181,4608
01433,15775,33,14555,1187
01434,13797,43,13160,594
01436,24242,48,21921,2273
01437,22278,0,21664,614
01438,28259,0,26743,1516
01452,36400,1024,32624,2752
01453,27983,885,25908,1190
01454,24832,126,23683,1023
01455,17327,168,16251,908
01456,17110,19,16070,1021
01457,19219,291,18166,762
01458,19826,5732,13484,610
01459,67194,4184,60533,2477
01460,34641,896,30925,2820
01461,24338,3433,18783,2122
01462,15172,2529,9991,2652
01463,11096,0,9321,1775
01464,29843,0,28170,1673
01465,24968,562,23138,1268
01468,20955,0,20551,404
01469,24728,0,23255,1473
01470,5084,0,4516,568
01471,13833,41,13068,724
01472,21952,895,19743,1314
01481,21677,0,20117,1560
01482,28987,16,26532,2439
01483,19789,0,18277,1512
01484,23597,1371,20680,1546
01485,13918,0,11867,2051
01486,18876,0,16909,1967
01487,23165,27,20326,2812
01511,14307,1119,11179,2009
01512,19101,62,17507,1532
01513,16880,0,15548,1332
01514,50567,193,46446,3928
01515,2,0,1,1
01516,27141,444,22656,4041
01517,11471,9980,0,1491
01518,10099,8484,0,1615
01519,13900,9142,1678,3080
01520,17868,11,15773,2084
01543,49443,1775,46268,1400
01544,28802,0,27244,1558
01545,32188,0,29492,2696
01546,19846,0,19064,782
01547,23458,0,22575,883
01549,21469,0,20711,758
01550,19037,0,17487,1550
01552,37582,0,34894,2688
01555,56779,960,52018,3801
01558,592,0,0,592
01559,53166,0,51130,2036
01560,23696,69,21486,2141
01561,25751,0,23508,2243
01562,10536,0,9252,1284
01563,27357,644,24052,2661
01564,44435,0,41564,2871
01571,38174,3688,31369,3117
01572,2,0,0,2
01575,22810,0,21237,1573
01578,46507,0,45438,1069
01581,38589,680,35764,2145
01584,39239,0,36828,2411
01585,40517,0,39272,1245
01586,40582,379,38145,2058
01601,44828,104,41315,3409
01602,32141,27,29583,2531
01604,28350,141,26678,1531
01607,36153,101,33921,2131
01608,14109,37,12846,1226
01609,15305,0,13715,1590
01610,60623,598,55956,4069
01631,86859,782,81025,5052
01632,34252,0,30496,3756
01633,26380,757,23459,2164
01634,33836,0,31981,1855
01635,31873,888,27847,3138
01636,45156,2604,39228,3324
01637,57894,617,55481,1796
01638,19897,0,18451,1446
01639,28181,0,25445,2736
01641,27561,0,24575,2986
01642,26843,210,23352,3281
01643,72804,1509,69374,1921
01644,35976,663,33965,1348
01645,32270,243,29913,2114
01646,40932,1421,37207,2304
01647,45697,1251,39830,4616
01648,23672,0,21499,2173
01649,34593,0,31843,2750
01661,34482,13344,19342,1796
01662,29128,1847,24924,2357
01663,32429,0,28089,4340
01664,60750,4017,49923,6810
01665,35930,3257,28719,3954
01667,28708,5459,18888,4361
01668,36707,998,32658,3051
01691,90943,249,84102,6592
01692,52299,0,48050,4249
01693,17942,499,15943,1500
01694,7591,0,6661,930
02201,357898,148930,153491,55477
02202,326522,85688,201055,39779
02203,294120,85396,191152,17572
02204,86414,1,76307,10106
02205,147066,2944,124883,19239
02206,202863,5964,184117,12782
02207,66295,4301,59031,2963
02208,134784,25861,92794,16129
02209,145217,0,129485,15732
02210,105720,1091,93751,10878
02301,51712,468,41195,10049
02303,20302,0,16972,3330
02304,17079,0,14986,2093
02307,38502,447,33461,4594
02321,56678,0,49648,7030
02323,53981,87,48035,5859
02343,14637,0,12645,1992
02361,39397,32,34884,4481
02362,41592,0,37340,4252
02367,28647,0,24756,3891
02381,43569,1121,36921,5527
02384,43793,806,37216,5771
02387,51658,0,46129,5529
02401,33582,0,30971,2611
02402,84657,7541,70312,6804
02405,55685,2131,50879,2675
02406,29296,0,27744,1552
02408,99615,0,90686,8929
02411,40130,0,36335,3795
02412,61618,6364,51713,3541
02423,13931,0,12998,933
02424,38435,164,32882,5389
02425,9936,0,9079,857
02426,11615,16,10428,1171
02441,53380,0,48493,4887
02442,88472,0,80211,8261
02443,42021,0,37278,4743
02445,74010,0,65103,8907
02446,42311,0,39739,2572
02450,33933,117,30292,3524
03201,383589,173336,173665,36588
03202,152713,63103,70054,19556
03203,103359,2779,86184,14396
03205,475924,38093,395232,42599
03206,318372,155698,132291,30383
03207,111139,2696,91221,17222
03208,177307,41358,108316,27633
03209,610001,15602,535763,58636
03210,87384,2166,74352,10866
03211,61627,15137,39057,7433
03213,124283,264,105344,18675
03214,173465,12970,141930,18565
03215,589235,255057,278753,55425
03216,80853,2383,72992,5478
03301,103908,6396,85402,12110
03302,43427,175,36335,6917
03303,74044,804,64041,9199
03305,25,0,0,25
03321,142528,8571,115645,18312
03322,85790,10933,69398,5459
03366,69885,1579,59492,8814
03381,89045,32761,47826,8458
03402,40981,4809,31824,4348
03441,39251,0,34381,4870
03461,34788,21655,9230,3903
03482,49905,21819,22255,5831
03483,68721,0,54318,14403
03484,20396,511,17034,2851
03485,12617,267,9288,3062
03487,1048,0,0,1048
03501,51987,2770,43658,5559
03503,16158,1,14076,2081
03506,32203,0,27171,5032
03507,61185,1,53020,8164
03524,70256,1407,57122,11727
04101,176657,97351,65691,13615
04102,105474,87344,13700,4430
04103,92910,61753,26571,4586
04104,163882,113315,36724,13843
04105,138883,67700,60030,11153
04202,331186,36540,260188,34458
04203,42568,40,40451,2077
04205,163928,27228,120227,16473
04206,129335,27098,86804,15433
04207,101615,2467,87369,11779
04208,132097,20227,101552,10318
04209,43677,4036,36998,2643
04211,67171,2953,57944,6274
04212,325700,11405,279334,34961
04213,414702,23232,343841,47629
04214,99621,4992,84096,10533
04215,408862,5604,356780,46478
04216,42671,6895,35384,392
04301,68279,10845,50731,6703
04302,28406,2701,21539,4166
04321,34402,463,31596,2343
04322,52983,5,47981,4997
04323,63598,2920,53282,7396
04324,61457,9965,43045,8447
04341,105330,4666,92047,8617
04361,82020,21,74514,7485
04362,61342,107,55053,6182
04401,38900,2844,31937,4119
04404,22069,898,19386,1785
04406,36758,379,33171,3208
04421,87511,16144,59140,12227
04422,52100,4310,41683,6107
04423,3305,6,16,3283
04424,35841,6213,25205,4423
04442,2,0,0,2
04444,42532,1591,35484,5457
04445,125278,2001,110055,13222
04501,58877,145,53110,5622
04505,72467,7607,57090,7770
04548,1,0,1,0
04581,21550,0,18656,2894
04603,15,4,0,11
04606,61629,273,56034,5322
05201,617142,396363,119973,100806
05202,242366,123502,86013,32851
05203,510483,263495,150372,96616
05204,309061,176760,87321,44980
05206,150479,30540,95563,24376
05207,259037,146924,72376,39737
05209,155835,22744,110392,22699
05210,497901,118789,299383,79729
05211,88166,28253,48754,11159
05212,560358,247416,231474,81468
05213,249756,34654,178509,36593
05214,145184,1641,125794,17749
05215,229844,76159,117904,35781
05303,25050,4600,15154,5296
05327,28590,7015,16601,4974
05346,39930,18420,11731,9779
05348,137849,26466,87482,23901
05349,67299,17440,34301,15558
05361,66285,7089,50856,8340
05363,26182,16579,6799,2804
05366,30244,3378,23138,3728
05368,21176,21146,0,30
05423,1,0,0,1
05434,113586,4253,93329,16004
05463,115610,64002,35383,16225
05464,24886,98,20013,4775
06201,413861,299744,72703,41414
06202,334718,291133,6396,37189
06203,609518,281352,256217,71949
06204,390187,184592,158927,46668
06205,112748,23238,75431,14079
06206,111014,17065,81415,12534
06207,176980,148264,11259,17457
06208,124718,19711,90688,14319
06209,125306,54171,52054,19081
06210,157488,129885,15424,12179
06211,130783,31690,79491,19602
06212,142390,48786,70804,22800
06213,172035,131643,21470,18922
06301,42185,1221,37087,3877
06302,35508,4280,27782,3446
06321,52633,1194,45290,6149
06322,59914,2883,47871,9160
06323,67706,133,59589,7984
06324,60546,1467,49994,9085
06341,43246,7969,29173,6104
06361,39095,772,33032,5291
06362,59497,3791,46995,8711
06363,47663,1597,39583,6483
06364,57819,1081,49196,7542
06365,34659,334,30670,3655
06366,42175,551,36096,5528
06367,40255,2312,31985,5958
06381,133850,72982,44796,16072
06382,147347,105034,21120,21193
06401,88754,28218,41682,18854
06402,147460,53495,74279,19686
06403,92810,44103,34068,14639
06426,33625,9123,19219,5283
06428,111961,28035,66124,17802
06441,1,0,0,1
06461,106634,14097,81601,10936
07201,582037,135572,383202,63263
07202,296930,106221,155654,35055
07203,699782,227125,394553,78104
07204,711931,128976,504124,78831
07205,212252,33310,153826,25116
07207,289814,20903,240207,28704
07208,344924,149296,158057,37571
07209,140273,2853,120304,17116
07210,394304,2867,355268,36169
07211,350843,278,309885,40680
07212,317130,6850,280913,29367
07213,304783,116908,160287,27588
07214,102311,0,94173,8138
07301,44960,2650,34643,7667
07303,41805,2837,30311,8657
07308,85453,0,74889,10564
07309,444,0,2,442
07321,1,0,1,0
07322,49762,4415,40608,4739
07342,38903,410,35765,2728
07344,56391,20651,28106,7634
07362,101318,52150,40576,8592
07364,6243,161,5105,977
07367,66447,25035,32720,8692
07368,178972,99493,64275,15204
07402,30941,20454,7311,3176
07405,160126,144984,3744,11398
07407,34315,10763,18557,4995
07408,113987,28279,70541,15167
07421,94393,40221,42070,12102
07422,22122,7304,10513,4305
07423,97388,84605,5289,7494
07441,4,0,0,4
07444,61688,56439,922,4327
07445,84755,73607,3549,7599
07446,43370,34491,2100,6779
07447,158175,79967,59798,18410
07461,64712,10701,47927,6084
07464,29814,10100,15361,4353
07465,17480,6284,9090,2106
07466,68820,6508,56179,6133
07481,71185,9730,52283,9172
07482,49878,1546,41733,6599
07483,74501,27215,36942,10344
07484,36754,207,32245,4302
07501,104462,1531,93386,9545
07502,55517,33,50596,4888
07503,57150,1208,50893,5049
07504,44450,3090,36557,4803
07505,51819,1479,43901,6439
07521,122525,7771,104139,10615
07522,64952,0,54811,10141
07541,25959,1047,21395,3517
07542,37335,4,33732,3599
07543,42638,865,37929,3844
07544,27935,8464,14725,4746
07545,45212,593,39319,5300
07546,36722,251,29849,6622
07547,82151,4718,66732,10701
07548,14437,0,11083,3354
07561,43232,1635,37298,4299
07564,59199,5807,46739,6653
08201,349536,104249,217345,27942
08202,181640,38831,122378,20431
08203,212023,63159,130437,18427
08204,240189,136206,88900,15083
08205,187088,28591,141635,16862
08207,96020,48942,38741,8337
08208,113991,64284,38410,11297
08210,100625,21941,67242,11442
08211,177115,118361,44683,14071
08212,256422,16018,209560,30844
08214,60247,15114,35205,9928
08215,107741,62270,31998,13473
08216,197423,15971,161630,19822
08217,149783,112542,24326,12915
08219,96504,17710,74393,4401
08220,373252,141402,196096,35754
08221,160523,88686,61638,10199
08222,136138,92517,32670,10951
08223,76049,57969,10336,7744
08224,70953,62967,4785,3201
08225,260453,9199,221545,29709
08226,137961,4879,122453,10629
08227,259317,115266,123016,21035
08228,186275,110919,61796,13560
08229,197500,103577,73539,20384
08230,139570,2941,125558,11071
08231,143569,11631,117139,14799
08232,143814,116170,14587,13057
08233,168048,2287,152907,12854
08234,183708,6903,157249,19556
08235,118929,96224,13119,9586
08236,144445,13897,118213,12335
08302,113516,18257,81550,13709
08309,31546,14676,14141,2729
08310,93415,14789,66527,12099
08341,46190,3056,39943,3191
08364,187379,101830,59322,26227
08442,45240,7749,33671,3820
08443,95964,3314,85921,6729
08447,38488,18077,14217,6194
08521,71586,11144,53519,6923
08542,29742,17321,9864,2557
08546,62928,8727,49803,4398
08564,35137,11196,19864,4077
09201,591833,423826,108965,59042
09202,270700,227557,4910,38233
09203,414914,299418,66987,48509
09204,331249,277585,4837,48827
09205,306611,250503,8546,47562
09206,313689,241764,20073,51852
09207,1,1,0,0
09208,255944,215605,18229,22110
09209,186604,157416,12307,16881
09210,258661,157705,44650,56306
09211,113674,61529,34033,18112
09213,304085,113663,161489,28933
09214,116179,56521,48302,11356
09215,137101,49945,60515,26641
09216,99718,72787,18957,7974
09301,64585,54705,3291,6589
09321,4561,8,0,4553
09341,7,1,0,6
09342,86851,68702,6792,11357
09343,155404,117624,2128,35652
09344,68609,53498,2118,12993
09345,73903,58175,6306,9422
09361,94546,83848,2414,8284
09364,47150,41251,1764,4135
09367,1692,0,0,1692
09384,77323,37986,22905,16432
09386,74054,56380,9746,7928
09407,255969,184114,11690,60165
09411,106823,25970,56983,23870
09422,4,2,0,2
10201,464312,202574,227904,33834
10202,633941,372560,206100,55281
10203,221134,100981,91933,28220
10204,309795,225941,62937,20917
10205,336572,204355,103661,28556
10206,205187,159791,25353,20043
10207,129304,104754,15473,9077
10208,225423,52854,152053,20516
10209,170028,56701,99122,14205
10210,158605,34047,108316,16242
10211,256401,96637,134109,25655
10212,121019,69580,41114,10325
10303,4324,59,4,4261
10342,1,0,1,0
10344,37363,31961,2693,2709
10345,41211,34936,4060,2215
10363,62,4,0,58
10366,22726,18857,502,3367
10367,42199,28538,9629,4032
10382,90955,80176,95,10684
10383,52397,46203,4,6190
10384,54323,4096,44916,5311
10421,112161,16551,82339,13271
10424,57188,32593,19430,5165
10425,105052,74876,22802,7374
10426,12170,566,10691,913
10428,22094,1566,17871,2657
10429,126110,68425,43625,14060
10443,48588,43771,433,4384
10444,28423,22388,3089,2946
10448,47894,38775,6141,2978
10449,151097,54503,77166,19428
10464,49788,17218,30873,1697
10521,75056,66602,3013,5441
10522,33238,0,31542,1696
10523,38389,34370,894,3125
10524,34633,29915,2764,1954
10525,58397,53293,945,4159
11101,109170,102190,3437,3543
11102,64615,63171,167,1277
11103,61035,59854,89,1092
11104,129706,118164,7984,3558
11105,41127,40218,139,770
11106,67587,64353,360,2874
11107,67754,58080,8228,1446
11108,75377,72343,1670,1364
11109,102679,85001,14839,2839
11110,162307,149606,5337,7364
11201,347847,227780,101322,18745
11202,341236,176437,145330,19469
11203,325764,277814,39751,8199
11204,3,3,0,0
11206,160819,133004,18103,9712
11207,240301,211957,8760,19584
11208,227458,133219,87200,7039
11209,150708,115973,20227,14508
11210,259353,85375,156645,17333
11211,141875,46804,82050,13021
11212,145768,82399,53326,10043
11213,1,1,0,0
11214,240595,196010,34469,10116
11215,127241,30966,90101,6174
11216,132889,112301,11508,9080
11217,211291,178308,18397,14586
11218,244061,169848,62883,11330
11219,175120,129512,41657,3951
11221,157354,144225,9175,3954
11222,273890,249460,15975,8455
11223,29047,28261,0,786
11224,48906,47682,0,1224
11225,115364,25493,85428,4443
11226,3,0,0,3
11227,75552,71616,2472,1464
11228,42060,26253,13948,1859
11229,36029,33818,1296,915
11230,103947,99657,2180,2110
11231,82832,72207,7725,2900
11232,241574,205415,24692,11467
11233,74766,71669,203,2894
11234,80730,75779,2778,2173
11235,89835,83902,3863,2070
11237,87875,77180,8554,2141
11238,85585,76180,5868,3537
11239,101707,24323,71588,5796
11240,85603,80523,1636,3444
11241,48432,3506,43577,1349
11242,86504,15229,64673,6602
11243,81905,68994,6763,6148
11245,65296,36687,26634,1975
11246,75239,67339,7837,63
11301,45522,36651,7445,1426
11324,33868,545,32183,1140
11326,57619,1572,51518,4529
11327,37403,2057,31396,3950
11341,45496,6950,34576,3970
11342,41594,2065,35548,3981
11343,76892,32089,34654,10149
11346,119442,106168,117,13157
11347,91651,82887,923,7841
11348,36048,855,32184,3009
11349,51021,16587,28332,6102
11361,36988,34612,150,2226
11362,66412,60346,78,5988
11363,39842,36769,0,3073
11365,103993,81932,8265,13796
11369,28614,25132,789,2693
11381,42646,15823,22976,3847
11383,46540,13228,27918,5394
11385,51813,12610,36008,3195
11401,7,2,5,0
11408,115793,105653,2442,7698
11421,649,1,68,580
11424,820,461,17,342
11425,867,0,355,512
11442,54067,50909,1075,2083
11445,3215,159,8,3048
11446,245,195,0,50
11461,617,302,16,299
11462,496,317,0,179
11464,67542,60049,3599,3894
11465,45620,41567,1884,2169
12101,121033,97028,20056,3949
12102,106795,99391,4913,2491
12103,71137,65922,3310,1905
12104,146628,136416,4851,5361
12105,109821,100537,5162,4122
12106,12605,12514,0,91
12202,153863,139416,1615,12832
12203,247950,231581,8453,7916
12204,327682,315558,3911,8213
12205,172674,159127,2161,11386
12206,213361,170066,27061,16234
12207,262577,251480,5793,5304
12208,225515,192109,22953,10453
12210,219130,199727,5563,13840
12211,279869,180498,76480,22891
12212,204218,185947,8880,9391
12213,168557,137459,13728,17370
12215,224448,178778,26732,18938
12216,69204,63229,4826,1149
12217,311259,272957,31131,7171
12218,94153,82000,2228,9925
12219,511736,439229,29799,42708
12220,124762,111695,9651,3416
12221,137706,126290,7467,3949
12222,97287,90411,4224,2652
12223,196199,165824,5651,24724
12224,89099,85963,1840,1296
12225,274411,218342,27689,28380
12226,193187,143111,30196,19880
12227,34475,30577,3211,687
12228,85521,80545,2426,2550
12229,132059,106365,15569,10125
12230,116875,112019,216,4640
12231,157564,128970,18951,9643
12232,61479,49314,9145,3020
12233,78453,74550,226,3677
12234,270193,147831,94046,28316
12235,179233,165045,28,14160
12236,364307,247386,84132,32789
12237,219800,190160,15040,14600
12238,242289,215462,6405,20422
12239,110445,104321,5738,386
12322,36557,33962,139,2456
12325,425,414,0,11
12328,121,118,0,3
12329,48367,41498,4141,2728
12342,26897,6979,16864,3054
12347,100413,37478,50401,12534
12349,48302,6839,34500,6963
12402,8544,313,1,8230
12403,52246,47332,39,4875
12409,51906,39012,9572,3322
12410,137515,123458,2301,11756
12421,42217,7724,30498,3995
12422,47796,37639,6814,3343
12423,48578,28570,17022,2986
12424,40825,12301,26758,1766
12426,56423,40933,10798,4692
12427,81625,60469,13376,7780
12441,103789,79912,11445,12432
12443,35085,32717,0,2368
12463,46644,17064,23850,5730
13101,22026,21138,235,653
13102,29950,28430,1002,518
13103,55422,52152,1328,1942
13104,93985,89148,1995,2842
13105,57809,54535,2152,1122
13106,51793,51029,52,712
13107,70649,66218,2294,2137
13108,79591,73361,3382,2848
13109,96977,90676,3313,2988
13110,81242,77981,605,2656
13111,197437,190708,527,6202
13112,310947,287329,11613,12005
13113,69590,58637,8510,2443
13114,110528,106593,1521,2414
13115,213693,207391,86,6216
13116,83835,74348,7479,2008
13117,96995,88383,5469,3143
13118,64097,61552,0,2545
13119,151897,137790,10000,4107
13120,304267,294632,2809,6826
13121,261270,236934,15600,8736
13122,189814,138919,40076,10819
13123,231200,200865,20209,10126
13201,374696,319905,34849,19942
13202,79756,76818,1309,1629
13203,52130,50976,462,692
13204,84809,83006,3,1800
13205,147889,118274,19495,10120
13206,126657,121454,351,4852
13207,63002,58995,1155,2852
13208,110720,104789,257,5674
13209,274489,234870,26287,13332
13210,58535,57465,33,1037
13211,91405,88936,1062,1407
13212,94807,81314,9325,4168
13213,80592,79003,109,1480
13214,64007,62804,46,1157
13215,35325,33403,320,1602
13218,32159,25866,5449,844
13219,40732,38345,0,2387
13220,45772,43216,896,1660
13221,40099,39345,0,754
13222,61381,59685,417,1279
13223,51652,48751,1182,1719
13224,41943,16270,22495,3178
13225,48759,42425,3619,2715
13227,28627,19807,8012,808
13228,108342,43576,57736,7030
13229,90106,88743,116,1247
13303,31839,9826,20530,1483
13305,27777,2862,22165,2750
13307,25019,20298,0,4721
13308,40622,30089,5100,5433
13361,34070,502,30337,3231
13362,3700,0,3436,264
13363,13787,0,13207,580
13364,13371,0,12700,671
13381,24289,0,23275,1014
13382,3121,0,2731,390
13401,35138,0,30634,4504
13402,1019,0,905,114
13421,10228,0,7075,3153
14101,102507,98061,3,4443
14102,92627,66962,21733,3932
14103,27272,26124,446,702
14104,49435,44389,3054,1992
14105,81581,70808,6253,4520
14106,97556,44540,46995,6021
14107,73214,67312,352,5550
14108,91375,78141,8109,5125
14109,147757,136072,4679,7006
14110,158660,53261,91328,14071
14111,108831,90341,10654,7836
14112,126660,3398,111449,11813
14113,79182,21194,52844,5144
14114,66370,3452,58183,4735
14115,68381,6558,53600,8223
14116,97534,26565,66209,4760
14117,108649,52557,52283,3809
14118,79856,75503,1357,2996
14131,60363,57939,44,2380
14132,44879,41945,7,2927
14133,74539,66259,3512,4768
14134,79452,74795,0,4657
14135,96548,79140,8451,8957
14136,82388,75578,3518,3292
14137,88234,40456,36306,11472
14151,281533,244160,17365,20008
14152,148558,143224,2483,2851
14153,167160,161236,2611,3313
14201,319362,291613,10188,17561
14203,241811,215236,4665,21910
14204,142732,132516,589,9627
14205,262507,212213,38558,11736
14206,274351,238687,2316,33348
14207,188240,176213,3156,8871
14208,50583,47212,64,3307
14209,475,2,0,473
14210,74267,66668,1658,5941
14211,222049,192980,2678,26391
14212,242364,191730,31668,18966
14213,112584,107427,2433,2724
14214,142267,107136,17865,17266
14215,96930,69571,20407,6952
14216,81630,77652,582,3396
14217,92043,37959,41599,12485
14218,82340,77130,1337,3873
14301,39530,37623,0,1907
14321,50511,46518,296,3697
14341,54801,48209,0,6592
14342,37915,30105,3379,4431
14361,43406,28623,7573,7210
14362,35350,5796,24978,4576
14363,37190,28286,2765,6139
14364,72259,55307,4639,12313
14366,22929,13394,6373,3162
14382,41651,37165,0,4486
14383,15418,14014,0,1404
14384,39486,35391,634,3461
14401,74960,67849,164,6947
14402,22882,18598,53,4231
15101,205425,163756,18178,23491
15102,133898,86410,43647,3841
15103,142626,106561,32164,3901
15104,187058,127058,50089,9911
15105,213906,166911,26676,20319
15106,127186,6357,108223,12606
15107,263303,137490,103774,22039
15108,303115,142737,113359,47019
15202,1356402,1058577,158767,139058
15204,390888,277064,67504,46320
15205,725616,623393,20311,81912
15206,399484,159683,187653,52148
15208,218036,144597,55795,17644
15209,122450,101593,4968,15889
15210,642726,325564,266768,50394
15211,153803,127001,11836,14966
15212,430645,132780,229489,68376
15213,223330,107137,95003,21190
15216,596334,510209,36599,49526
15217,314759,256636,22631,35492
15218,275593,209266,32796,33531
15222,1461627,1053254,267518,140855
15223,219715,74353,117085,28277
15224,580337,15056,471317,93964
15225,306947,33983,238371,34593
15226,352438,111166,193235,48037
15227,141583,2825,120998,17760
15307,42496,3702,34207,4587
15308,1,0,0,1
15342,37468,1586,31763,4119
15361,52827,43456,4476,4895
15385,292131,209998,39117,43016
15405,79126,65803,5830,7493
15441,1605,0,0,1605
15461,48775,20808,23123,4844
15482,142303,0,129956,12347
15504,43275,21638,16180,5457
15541,15,0,0,15
15542,1,1,0,0
15581,63598,4829,47279,11490
15584,2,1,1,0
15586,6327,1503,4015,809
16201,1320976,925546,206013,189417
16202,423762,298096,79088,46578
16204,211336,164242,17163,29931
16205,323616,191133,89064,43419
16206,131129,62711,49645,18773
16207,198736,129548,40876,28312
16208,199751,103572,76787,19392
16209,215535,162656,31753,21126
16210,424294,299343,80842,44109
16211,232930,161158,34831,36941
16301,2,0,2,0
16321,9481,2851,5303,1327
16322,160904,117843,19588,23473
16323,153873,95838,35323,22712
16342,95854,59015,28896,7943
16343,108302,84032,9358,14912
16381,1,1,0,0
16384,1,1,0,0
17201,747481,368154,286593,92734
17202,447189,362957,24139,60093
17203,411128,332437,29997,48694
17204,569396,488617,5347,75432
17205,224177,183801,6725,33651
17206,329180,230545,60102,38533
17207,108220,16360,72544,19316
17209,122748,76426,31829,14493
17210,379112,179285,135392,64435
17211,147551,101187,23733,22631
17212,41225,11192,29607,426
17324,28426,14091,7501,6834
17343,1,1,0,0
17344,4493,6,18,4469
17361,235120,190856,12876,31388
17365,23251,9179,12888,1184
17384,242314,101062,103328,37924
17386,130877,69171,36777,24929
17407,136721,83085,32858,20778
17461,172945,151757,258,20930
17463,278448,225286,9949,43213
18201,753038,513372,117125,122541
18202,194139,136530,16891,40718
18204,168569,122991,9414,36164
18205,240257,160084,33218,46955
18206,180729,124232,11206,45291
18207,191863,142262,20766,28835
18208,152693,95424,32071,25198
18209,341279,251170,23547,66562
18210,284039,182097,47020,54922
18322,100497,68831,10075,21591
18382,79910,58826,1489,19595
18404,147300,86858,23259,37183
18423,193318,141040,9229,43049
18442,70328,43705,10261,16362
18481,69589,49937,4284,15368
18483,67231,24990,26701,15540
18501,124606,58020,39968,26618
19201,268549,56519,178842,33188
19202,90365,58765,20576,11024
19204,109546,37995,53191,18360
19205,172291,7174,134187,30930
19206,160272,83190,50526,26556
19207,132165,106,116496,15563
19208,198070,8178,172775,17117
19209,389584,3822,339993,45769
19210,148081,12898,115956,19227
19211,242581,13737,196540,32304
19212,154696,111400,27057,16239
19213,142584,6425,113173,22986
19214,65126,16867,40282,7977
19346,102086,18888,70337,12861
19364,65344,59270,0,6074
19365,270592,179903,60903,29786
19366,113871,43056,47271,23544
19368,90417,26621,52273,11523
19384,28948,1864,24046,3038
19422,28221,21571,1129,5521
19423,12299,40,10062,2197
19424,21439,5221,13267,2951
19425,23911,20961,1674,1276
19429,23403,5710,16797,896
19430,78206,54801,17138,6267
19442,12734,11673,0,1061
19443,9963,9033,0,930
20201,1242971,818412,304272,120287
20202,524386,330470,138539,55377
20203,537986,367200,116372,54414
20204,119680,111080,969,7631
20205,390337,21765,341627,26945
20206,126982,116079,1538,9365
20207,147118,132556,3025,11537
20208,150409,14324,114237,21848
20209,329546,183679,103247,42620
20210,122661,99100,13769,9792
20211,209370,187860,3288,18222
20212,214334,109247,82993,22094
20213,217231,155848,37312,24071
20214,210283,167617,23783,18883
20215,169961,100601,51670,17690
20217,376820,32559,283245,61016
20218,185681,57123,109743,18815
20219,123987,468,102290,21229
20220,296925,36043,218450,42432
20303,58491,146,46684,11661
20304,34890,5353,23932,5605
20305,32301,7981,19236,5084
20306,22862,22,18119,4721
20307,17524,81,13627,3816
20309,95247,1955,80090,13202
20321,91982,1545,79750,10687
20323,53084,2391,42644,8049
20324,57441,0,45005,12436
20349,41832,28895,7591,5346
20350,60925,246,52470,8209
20361,50079,45996,346,3737
20362,102105,6805,81823,13477
20363,40432,29706,7470,3256
20382,82744,25773,40871,16100
20383,79809,5424,62716,11669
20384,48394,20748,23056,4590
20385,34256,0,28658,5598
20386,45083,13154,26570,5359
20388,22047,5007,14975,2065
20402,68130,42,62034,6054
20403,60889,322,51364,9203
20404,57272,1435,48757,7080
20407,75092,817,63915,10360
20409,7716,791,5777,1148
20410,19812,0,16747,3065
20411,37118,35,31134,5949
20412,10693,235,8264,2194
20413,23858,9042,11869,2947
20414,26260,174,21876,4210
20415,44921,16,39021,5884
20416,54942,0,46426,8516
20417,27610,8186,15529,3895
20422,29882,23701,3509,2672
20423,47372,11967,28452,6953
20425,28123,2645,20561,4917
20429,14210,3069,8985,2156
20430,27664,3996,19718,3950
20432,132574,52829,65043,14702
20446,39612,30208,5267,4137
20448,49194,17556,25967,5671
20450,22581,2148,17698,2735
20451,23335,20514,1010,1811
20452,82323,62236,8912,11175
20481,63372,31053,26255,6064
20482,33858,3340,25781,4737
20485,102410,64124,25454,12832
20486,103426,97683,861,4882
20521,72477,46491,18849,7137
20541,38961,36316,54,2591
20543,38192,6593,26858,4741
20561,46790,2113,40427,4250
20562,45377,33480,7147,4750
20563,38222,32290,2841,3091
20581,88,1,0,87
20583,75895,11611,54638,9646
20588,103294,1771,89121,12402
20589,2,0,0,2
20590,88007,29690,46362,11955
20602,54872,13913,33481,7478
21201,453836,364096,64131,25609
21202,271779,236318,13151,22310
21203,591302,506490,49375,35437
21204,131821,107840,18651,5330
21205,324055,272436,31523,20096
21206,381987,239842,118781,23364
21207,101288,93265,2618,5405
21208,138265,84663,46671,6931
21209,121517,107682,5085,8750
21210,283998,137219,125720,21059
21211,133606,93690,33290,6626
21212,106445,58041,41311,7093
21213,169189,151666,12091,5432
21214,149740,134036,9985,5719
21215,133714,124637,1719,7358
21216,85225,72573,7679,4973
21217,254330,187628,41666,25036
21218,151359,86014,47409,17936
21219,461664,416280,19563,25821
21220,376703,334547,20571,21585
21221,117771,69858,39184,8729
21302,25322,23372,20,1930
21303,25627,23206,367,2054
21341,113460,99929,5972,7559
21361,77690,62729,10643,4318
21362,42339,39129,223,2987
21381,38329,31044,4444,2841
21382,44447,36687,5081,2679
21383,52304,49035,0,3269
21401,213180,175302,18217,19661
21403,63157,56025,3503,3629
21404,56421,35979,15987,4455
21421,16720,10305,5807,608
21481,2,2,0,0
21483,3,3,0,0
21501,20779,19653,484,642
21502,22328,17758,3464,1106
21503,40485,28883,9194,2408
21504,58907,52337,2299,4271
21505,91697,84256,3543,3898
21506,115262,67053,40158,8051
21507,30639,15615,12436,2588
21521,58826,50830,4531,3465
21523,3,2,1,0
21563,1,0,0,1
21567,1,0,0,1
21569,1,0,0,1
21604,29946,22327,5522,2097
22101,486344,376992,56628,52724
22102,229455,199404,11716,18335
22103,446945,392739,24553,29653
22131,174062,140616,25451,7995
22132,131650,16874,107164,7612
22133,209640,54345,142562,12733
22134,113671,5599,99788,8284
22135,332591,203618,105086,23887
22136,151434,23172,122154,6108
22137,268096,231604,13103,23389
22201,1,1,0,0
22202,1,1,0,0
22203,289055,235577,26747,26731
22205,74974,67373,3380,4221
22206,126223,59854,57247,9122
22207,376826,247450,83625,45751
22208,149699,103683,39332,6684
22209,320228,160069,127107,33052
22210,506823,420897,27243,58683
22211,303702,72065,207226,24411
22212,205020,132091,59360,13569
22213,404452,190896,183329,30227
22214,355166,295067,25844,34255
22215,192366,65118,111717,15531
22216,204243,80617,109616,14010
22219,91955,80591,1973,9391
22220,122975,97220,12165,13590
22221,134513,94746,31808,7959
22222,184570,115187,45231,24152
22223,125646,93,118593,6960
22224,173057,90,162962,10005
22225,113855,61291,42766,9798
22226,170077,0,160802,9275
22301,48948,44211,973,3764
22302,51275,44141,1041,6093
22304,88511,76687,472,11352
22305,54327,42384,4583,7360
22306,52756,42795,3684,6277
22325,69785,21758,43310,4717
22341,37544,23073,9202,5269
22342,51852,11719,37027,3106
22344,81363,9087,62959,9317
22361,10143,7,1,10135
22381,1,0,0,1
22382,1,1,0,0
22383,3095,0,0,3095
22424,45710,191,42617,2902
22429,88352,73733,4715,9904
22461,73476,20151,45679,7646
22503,275,0,0,275
23101,49757,48514,280,963
23102,20321,17737,1622,962
23103,66520,58357,2601,5562
23104,64532,52284,9636,2612
23105,70372,57183,8673,4516
23106,24928,11322,13334,272
23107,35693,34959,0,734
23108,40307,39356,0,951
23109,23527,23084,0,443
23110,111926,102917,4994,4015
23111,76843,66289,8057,2497
23112,65038,61335,1283,2420
23113,94184,80291,10500,3393
23114,125173,85694,36959,2520
23115,48771,47226,981,564
23116,55779,50759,4296,724
23201,489766,439630,26464,23672
23202,585572,507826,38607,39139
23203,428427,389688,14269,24470
23204,158073,132987,19248,5838
23205,116786,105769,6966,4051
23206,219729,160207,52342,7180
23207,316408,300170,2194,14044
23208,72223,68157,2244,1822
23209,92749,85953,3595,3201
23210,133873,109363,18055,6455
23211,941427,830239,53493,57695
23212,207760,185031,14439,8290
23213,347202,276084,58329,12789
23214,181193,168575,3853,8765
23215,127126,119676,91,7359
23216,120070,110462,4738,4870
23217,107443,76757,26883,3803
23219,177440,154682,11660,11098
23220,223587,206903,7912,8772
23221,355034,328261,835,25938
23222,113882,108516,2521,2845
23223,112717,101175,5974,5568
23224,111518,99734,8954,2830
23225,62024,50928,7807,3289
23226,58166,46722,10685,759
23227,46752,44784,3,1965
23228,43071,32336,9141,1594
23229,68860,50209,16317,2334
23230,83932,77119,4216,2597
23231,281981,256060,7972,17949
23232,133515,126701,0,6814
23233,59884,50536,7176,2172
23234,64057,59072,1113,3872
23235,73495,68326,2129,3040
23236,62649,27376,33648,1625
23237,101628,94357,2542,4729
23238,44745,37285,6244,1216
23302,48050,38868,7523,1659
23342,17168,15722,14,1432
23345,8,8,0,0
23361,36287,543,26872,8872
23362,36075,19608,15599,868
23421,27,25,0,2
23422,22,0,0,22
23423,88,88,0,0
23424,28033,24442,2180,1411
23425,39713,36264,1500,1949
23427,14515,12756,1226,533
23441,63565,59147,1536,2882
23442,78924,74931,868,3125
23445,83741,79288,0,4453
23446,94236,88564,1429,4243
23447,61384,58380,1220,1784
23481,2117,0,0,2117
23482,3676,50,1,3625
23483,1756,0,0,1756
23501,104839,91256,7548,6035
23521,115,14,3,98
23561,102432,91573,2649,8210
23562,59106,54322,256,4528
23563,38470,35056,123,3291
23603,8,0,0,8
24201,795954,617659,61961,116334
24202,436250,342363,51435,42452
24203,263795,205071,28886,29838
24204,542798,386455,52360,103983
24205,231264,187828,14865,28571
24207,369802,307694,20259,41849
24208,176176,125330,17276,33570
24209,51860,42132,466,9262
24210,179898,138185,3843,37870
24211,70120,34940,22916,12264
24212,169382,124778,2559,42045
24214,225527,165039,24263,36225
24215,217521,98310,81602,37609
24216,718394,469923,109637,138834
24302,1,1,0,0
24303,17924,12796,4809,319
24322,4,0,0,4
24324,44447,21133,20076,3238
24341,96131,84218,1693,10220
24343,16663,12403,2958,1302
24344,19189,13947,3710,1532
24382,74,0,0,74
24384,1,0,0,1
24405,2,0,0,2
24422,1,1,0,0
24441,136454,93412,18819,24223
24442,73638,63380,3326,6932
24443,113340,88531,6396,18413
24461,63608,54142,39,9427
24470,104548,52410,6130,46008
24471,78967,64612,2211,12144
24472,137404,100121,1595,35688
24543,101225,82531,4905,13789
24561,73730,42594,12185,18951
24562,94332,69928,4791,19613
25201,376323,293006,45759,37558
25202,216953,178206,10277,28470
25203,479131,318506,102312,58313
25204,152762,110215,25430,17117
25205,66,50,0,16
25206,116673,99715,8541,8417
25207,103395,81449,11057,10889
25208,78333,62273,8739,7321
25209,339505,271742,30767,36996
25210,94099,69367,14420,10312
25211,65331,51347,8845,5139
25212,293443,197657,60299,35487
25213,337109,216682,72768,47659
25214,192098,138893,27790,25415
25361,2,2,0,0
25381,6,1,0,5
25383,115739,81102,19681,14956
25384,39792,19560,13852,6380
25421,1,0,1,0
25425,64093,39393,14715,9985
25441,18876,12127,3461,3288
25442,21523,10169,8383,2971
25443,61125,46683,4920,9522
25502,3,3,0,0
26101,77551,68599,3684,5268
26102,40861,32999,4528,3334
26103,133207,111654,5275,16278
26104,47997,41600,3479,2918
26105,30246,24972,2058,3216
26106,40450,34061,3069,3320
26107,52160,42753,6653,2754
26108,187418,156935,7578,22905
26109,158272,136083,13273,8916
26110,88812,79827,4896,4089
26111,98134,75010,14849,8275
26201,496916,256549,149272,91095
26202,336700,283618,5540,47542
26203,296529,221087,15974,59468
26204,134576,124964,4141,5471
26205,159309,105315,24064,29930
26206,220603,167825,14839,37939
26207,77278,69500,4140,3638
26208,38549,36524,269,1756
26209,62487,58942,894,2651
26210,60517,49797,7050,3670
26211,81235,5643,68036,7556
26212,512098,390533,28123,93442
26213,245213,182137,20365,42711
26214,130226,63681,50841,15704
26303,16170,15029,0,1141
26322,27075,22019,3245,1811
26343,24349,18697,327,5325
26344,39749,31402,223,8124
26364,15315,13344,0,1971
26365,35579,15099,14254,6226
26366,57465,51363,1033,5069
26367,34127,26374,616,7137
26407,184162,132311,12402,39449
26463,63358,52799,659,9900
26465,117092,55293,38567,23232
27102,20821,20275,2,544
27103,22969,22069,60,840
27104,20776,19767,295,714
27106,21582,21047,0,535
27107,20345,4803,15496,46
27108,25056,15197,9547,312
27109,18083,16233,1153,697
27111,15581,12076,3214,291
27113,31612,30363,316,933
27114,45668,43963,0,1705
27115,32476,31738,0,738
27116,61939,59877,0,2062
27117,32387,31152,8,1227
27118,42599,41374,16,1209
27119,38935,36968,0,1967
27120,47851,46212,0,1639
27121,53173,51679,0,1494
27122,48403,43017,4178,1208
27123,45455,37295,6530,1630
27124,33869,29186,2920,1763
27125,32793,28548,3549,696
27126,66427,57835,5307,3285
27127,32766,31337,100,1329
27128,33920,30271,2490,1159
27141,62778,59978,377,2423
27142,77255,72406,768,4081
27143,54067,49908,27,4132
27144,76853,69821,3813,3219
27145,73001,66475,2017,4509
27146,57222,52037,2597,2588
27147,38434,35230,217,2987
27201,1,1,0,0
27202,181891,156037,10388,15466
27203,152640,138373,7911,6356
27204,64949,57780,549,6620
27205,106921,99694,2266,4961
27206,41406,36744,1729,2933
27207,230358,206467,3439,20452
27208,93319,81428,3109,8782
27209,64904,46353,15825,2726
27210,228108,182118,29969,16021
27211,164104,129539,18593,15972
27212,167787,158138,1287,8362
27213,103245,91969,2554,8722
27214,89401,73471,7850,8080
27215,131961,119021,3382,9558
27216,114093,94368,9891,9834
27217,80597,74298,957,5342
27218,71299,65534,1798,3967
27219,156742,131455,9013,16274
27220,83918,65507,10116,8295
27221,65444,60301,0,5143
27222,91235,85097,0,6138
27223,68049,59526,4347,4176
27224,51639,44291,4051,3297
27225,34948,31927,1387,1634
27226,42264,39220,585,2459
27227,269931,248917,8669,12345
27228,69353,58138,3647,7568
27229,43418,23889,14726,4803
27230,62793,57709,564,4520
27231,37809,35000,186,2623
27232,54150,44336,5088,4726
27301,18880,17148,105,1627
27321,34296,28228,1164,4904
27322,57997,42957,7965,7075
27341,12853,11563,0,1290
27361,45555,36950,4730,3875
27362,7213,306,5712,1195
27366,40186,32752,272,7162
27381,26260,22930,61,3269
27382,33204,27752,945,4507
27383,20459,17699,177,2583
28101,52373,39402,9946,3025
28102,45844,25276,18028,2540
28105,38231,16617,20159,1455
28106,47311,41691,3740,1880
28107,62356,49342,9295,3719
28108,95811,80143,10518,5150
28109,235827,146748,63801,25278
28110,35813,9664,24868,1281
28111,210851,98733,86850,25268
28201,673641,470884,135928,66829
28202,183824,151323,23303,9198
28203,170306,63775,94083,12448
28204,186168,148029,20591,17548
28205,213080,167619,15019,30442
28206,28438,21820,5161,1457
28207,100903,78755,11689,10459
28208,78912,55273,14037,9602
28209,549141,421915,53643,73583
28210,285082,108912,143144,33026
28212,110845,85674,13068,12103
28213,105420,66106,27205,12109
28214,141715,110796,19748,11171
28215,215803,92641,90724,32438
28216,78324,8177,59923,10224
28217,120641,88465,22365,9811
28218,114235,19328,76798,18109
28219,169843,104709,37136,27998
28220,184374,103388,56840,24146
28221,290123,222675,24437,43011
28222,211055,145985,35089,29981
28223,341680,140853,155371,45456
28224,237947,76529,122231,39187
28225,190708,81399,84560,24749
28226,293803,198146,50457,45200
28227,228045,22951,163397,41697
28228,158537,72922,64147,21468
28229,236222,143121,67758,25343
28301,63182,35606,16600,10976
28365,85163,34830,39581,10752
28381,62465,14329,38718,9418
28382,28921,23217,3393,2311
28442,54516,8950,36114,9452
28443,56242,7779,38423,10040
28446,58363,7434,39605,11324
28464,56732,47970,5057,3705
28481,87793,42363,31292,14138
28501,236648,162093,41396,33159
28585,187017,130739,25369,30909
28586,139401,112462,6254,20685
28624,1,0,0,1
29201,432668,322590,72484,37594
29202,53893,23332,24418,6143
29203,111315,99902,2459,8954
29204,135018,108148,10251,16619
29205,122366,109868,3016,9482
29206,140777,120255,5843,14679
29207,171940,129243,23452,19245
29208,89156,75506,1993,11657
29209,126786,97620,17208,11958
29210,64362,29062,29548,5752
29211,63027,1978,50317,10732
29212,214728,119402,68429,26897
29322,69558,9281,50931,9346
29342,39809,14674,19641,5494
29343,19313,11018,6810,1485
29344,39128,29269,6463,3396
29345,14209,12460,372,1377
29361,15147,13677,49,1421
29362,11350,10062,0,1288
29363,57403,49706,2026,5671
29382,2,2,0,0
29385,23630,18526,2141,2963
29386,31396,22856,3149,5391
29401,33410,28882,259,4269
29402,33849,18435,10719,4695
29424,18509,13182,3880,1447
29425,19125,10037,6852,2236
29426,39665,6084,28371,5210
29427,22501,10839,8391,3271
29441,60606,13106,37009,10491
29442,42026,4129,34246,3651
29443,45581,19380,19341,6860
29444,14356,5544,6201,2611
29446,22736,9765,8982,3989
29447,10230,7267,367,2596
29449,63624,59030,7,4587
29450,12089,5458,5261,1370
29451,7613,4939,1829,845
29452,32296,29765,144,2387
29453,34057,26497,2845,4715
30201,396119,259198,100296,36625
30202,128754,8662,103468,16624
30203,134689,52279,65423,16987
30204,52893,7206,40443,5244
30205,59615,26096,29026,4493
30206,300924,97793,160145,42986
30207,84117,58856,14615,10646
30208,206130,7574,169028,29528
30209,57458,5,50100,7353
30304,75892,6395,60237,9260
30341,98100,3944,79758,14398
30343,27345,1928,21852,3565
30344,27827,18636,5874,3317
30361,27586,6491,19269,1826
30362,38233,0,33906,4327
30366,159087,11430,129334,18323
30381,13999,0,11951,2048
30382,37933,3,34803,3127
30383,25209,6,22839,2364
30390,64007,18639,40671,4697
30391,66713,21624,36700,8389
30392,82547,5538,69926,7083
30401,85302,46023,27740,11539
30403,8,0,0,8
30404,39076,10235,24142,4699
30406,38452,15800,14983,7669
30421,110361,86034,9090,15237
30422,9631,0,9116,515
30424,51691,40378,4651,6662
30427,6705,2558,3203,944
30428,88326,62660,13709,11957
31201,660653,427410,133798,99445
31202,276528,168377,77939,30212
31203,241372,163512,42965,34895
31204,66818,52972,9617,4229
31302,81591,38815,25648,17128
31325,69567,54285,6532,8750
31328,92061,49249,23674,19138
31329,128493,39333,58400,30760
31364,73918,25454,31487,16977
31368,2615,0,1728,887
31370,87271,6438,66320,14513
31371,107112,33230,52206,21676
31372,72142,3543,54930,13669
31381,1,0,1,0
31384,8561,0,7144,1417
31386,139521,30847,83847,24827
31389,98385,60296,20756,17333
31390,123853,83243,19178,21432
31401,129091,68758,34847,25486
31402,71617,51011,6865,13741
31403,66853,44531,11486,10836
32201,561263,194559,283195,83509
32202,402465,197204,146732,58529
32203,685208,249628,340700,94880
32204,405285,297357,49876,58052
32205,287218,139070,106071,42077
32206,310863,145856,103692,61315
32207,173536,95619,55164,22753
32209,390421,18324,287606,84491
32301,1,0,0,1
32304,6820,1,71,6748
32343,210328,39927,117131,53270
32383,1,0,0,1
32385,2,0,2,0
32386,88518,4751,57830,25937
32441,40659,2006,31129,7524
32448,81550,1804,61978,17768
32449,227622,57793,118986,50843
32501,138815,86804,33712,18299
32503,1,0,0,1
32505,90941,52500,22754,15687
32525,27840,1873,19769,6198
32526,23056,4455,13561,5040
32527,8859,40,6562,2257
32528,121956,19338,77845,24773
33101,508951,271757,230473,6721
33102,134772,73173,59547,2052
33103,218451,43133,171743,3575
33104,179184,45059,132638,1487
33201,108752,1005,2860,104887
33202,747102,247648,408770,90684
33203,465017,516,376201,88300
33204,137749,78997,41949,16803
33205,223880,38,183364,40478
33207,286854,0,243201,43653
33208,224892,928,180719,43245
33209,402376,21829,314962,65585
33210,365137,181558,132270,51309
33211,153443,15,119035,34393
33212,176738,375,146765,29598
33213,210584,1866,170537,38181
33214,452908,20534,355264,77110
33215,327398,45,258177,69176
33216,121654,2,100601,21051
33303,8982,135,2,8845
33321,8241,0,12,8229
33322,1,0,0,1
33323,1,0,1,0
33346,100027,58,77767,22202
33423,19007,0,16744,2263
33445,26435,2140,20445,3850
33461,98529,0,80366,18163
33586,13660,24,9748,3888
33606,149866,162,116528,33176
33622,65135,3572,50109,11454
33623,58461,4099,42949,11413
33643,20905,0,16263,4642
33645,1,0,1,0
33646,4,0,3,1
33663,90413,6,71722,18685
33666,219281,33,179097,40151
33681,205827,103,169645,36079
34101,35979,29036,5587,1356
34102,90830,72678,8296,9856
34103,73329,47591,17042,8696
34104,82520,62814,11484,8222
34105,243849,198373,19991,25485
34106,429612,350716,18797,60099
34107,119642,88902,13950,16790
34108,193666,117591,43004,33071
34202,558309,288871,178421,91017
34203,124123,99823,7288,17012
34204,452799,181962,197120,73717
34205,521163,403984,60306,56873
34207,851672,402056,323764,125852
34208,210951,132093,44938,33920
34209,524701,123885,289591,111225
34210,539016,242630,171280,125106
34211,51220,7246,33519,10455
34212,713382,39294,533955,140133
34213,213484,118560,59947,34977
34214,390354,63601,246815,79938
34215,152869,7352,114842,30675
34302,29613,23385,3262,2966
34304,37235,32422,445,4368
34307,63326,2402,52736,8188
34309,28397,24555,575,3267
34368,132032,15,100627,31390
34369,368191,69776,227767,70648
34402,1,1,0,0
34431,50855,26654,17922,6279
34462,211638,10525,151694,49419
34545,236133,57164,126709,52260
35201,555727,181557,276850,97320
35202,295870,203919,42021,49930
35203,581266,284978,166778,129510
35204,350133,37665,240426,72042
35206,227793,13042,158924,55827
35207,96224,67285,14539,14400
35208,556861,23371,414771,118719
35210,113279,0,92507,20772
35211,205466,32044,133805,39617
35212,155005,4618,114819,35568
35213,239427,93326,100576,45525
35215,375244,211497,85965,77782
35216,128277,157,102163,25957
35305,200249,38,158941,41270
35321,11332,0,8992,2340
35341,28449,0,23083,5366
35343,64556,0,52158,12398
35344,50206,0,39075,11131
35421,1,0,0,1
35461,1695,8,0,1687
35462,4130,0,1,4129
35502,53491,23,43233,10235
35504,3456,0,0,3456
36201,332307,198181,95174,38952
36202,144409,60422,59145,24842
36203,80244,20590,49207,10447
36204,279048,222434,20640,35974
36205,149372,1198,121722,26452
36206,189487,18932,136631,33924
36207,226847,48789,128607,49451
36208,287689,133477,105865,48347
36301,47509,33944,5859,7706
36302,35036,6147,22894,5995
36321,34948,25876,2934,6138
36341,62841,17122,37439,8280
36342,109201,79407,13260,16534
36368,138311,67988,46518,23805
36383,25230,20895,1518,2817
36387,51965,40466,3846,7653
36388,85498,58593,14085,12820
36401,20699,285,15493,4921
36402,23582,665,18568,4349
36403,47388,41347,3142,2899
36404,50440,9698,32173,8569
36405,52006,22917,19745,9344
36422,3,0,3,0
36466,1,0,1,0
36468,103707,13546,67130,23031
36489,101750,45435,41514,14801
37201,650010,81881,455415,112714
37202,230944,99143,93167,38634
37203,152711,122678,9520,20513
37204,67081,408,52547,14126
37205,180920,82988,69633,28299
37206,192955,2,148247,44706
37207,138723,0,99150,39573
37208,352372,0,277868,74504
37322,95218,27,77687,17504
37324,96839,3559,74230,19050
37341,104678,46973,37775,19930
37364,9076,0,7369,1707
37381,1,0,1,0
37386,16485,9563,5517,1405
37387,121862,557,89787,31518
37403,20373,14134,3494,2745
37404,56488,37203,11088,8197
37406,127832,12455,90461,24916
38201,678933,311892,239526,127515
38202,589612,154807,331781,103024
38203,407339,182100,150547,74692
38204,153616,9176,115889,28551
38205,180728,153521,6668,20539
38206,347439,37497,235079,74863
38207,339892,85512,203241,51139
38209,15,0,1,14
38210,214681,0,161474,53207
38213,263902,28961,173863,61078
38214,430025,0,356020,74005
38215,130694,35,100839,29820
38302,1,0,0,1
38356,47721,3184,37030,7507
38385,1,0,1,0
38386,218405,24,178246,40135
38401,42590,2328,32721,7541
38402,81404,0,64399,17005
38404,1,0,1,0
38422,188249,173,152871,35205
38442,138708,0,112939,25769
38484,51152,0,39242,11910
38488,124900,0,93368,31532
38506,156238,0,126770,29468
39201,537476,374774,108948,53754
39202,100626,80052,7551,13023
39203,139359,113307,4568,21484
39204,201690,148511,22006,31173
39205,153304,127368,7065,18871
39206,119079,99504,6609,12966
39208,144808,97793,23633,23382
39209,112271,74535,20874,16862
39210,328711,214255,63933,50523
39211,169787,112091,27083,30613
39212,296520,183999,57358,55163
39301,25596,19324,3244,3028
39302,20122,1024,13412,5686
39303,10803,49,7450,3304
39304,40599,27215,7359,6025
39305,31711,14076,12120,5515
39306,13304,1714,8984,2606
39307,34149,14791,13608,5750
39341,58949,18747,33355,6847
39344,143235,25998,84106,33131
39363,81914,14556,53689,13669
39364,7895,0,6812,1083
39383,10069,1,0,10068
39386,193530,95772,69634,28124
39387,216039,2537,176955,36547
39401,58954,28808,20491,9655
39402,100444,8169,70774,21501
39403,133532,94487,25598,13447
39405,74343,16,63432,10895
39410,45175,1635,35916,7624
39411,106175,332,79005,26838
39412,211114,69680,109144,32290
39424,50667,23999,19455,7213
39427,29658,180,18866,10612
39428,128415,82019,24243,22153
40101,104743,89896,5132,9715
40103,85267,13549,60908,10810
40105,26268,24728,97,1443
40106,92644,86004,1312,5328
40107,236347,173443,35568,27336
40108,51425,41524,7266,2635
40109,197033,160567,22903,13563
40131,141590,121780,11544,8266
40132,89531,82121,1765,5645
40133,40401,32868,5217,2316
40134,103319,96185,2091,5043
40135,152938,126139,16117,10682
40136,54231,47164,4305,2762
40137,123557,56094,53404,14059
40202,164211,127493,23117,13601
40203,456982,121619,278646,56717
40204,114231,95453,7859,10919
40205,235113,16681,195507,22925
40206,85691,54476,22024,9191
40207,129888,6274,104104,19510
40210,369007,119,345551,23337
40211,82566,27939,46436,8191
40212,85930,62697,13466,9767
40213,132339,11703,94753,25883
40214,94039,0,76896,17143
40215,43295,520,41360,1415
40216,92747,49237,35347,8163
40217,107064,1974,91641,13449
40218,41939,9675,29851,2413
40219,46903,0,45490,1413
40220,144877,7976,129676,7225
40221,60794,5838,54218,738
40223,78026,64612,5806,7608
40224,83873,2001,71229,10643
40225,126860,4,102381,24475
40226,141560,100528,18831,22201
40227,125018,432,96468,28118
40228,239934,106926,97246,35762
40229,133710,9155,102154,22401
40230,236304,1386,200861,34057
40231,60972,6317,48935,5720
40305,353,0,0,353
40341,39086,0,33813,5273
40342,36496,92,29875,6529
40343,23263,0,19830,3433
40344,28704,5,24825,3874
40345,38593,31317,2255,5021
40348,24291,7,21570,2714
40349,32053,0,25939,6114
40381,13091,130,12354,607
40382,20922,3,20481,438
40383,51405,130,48980,2295
40384,33125,15,32573,537
40401,24693,19962,2123,2608
40402,295,0,253,42
40421,30467,0,25209,5258
40444,5,0,0,5
40447,84107,32986,38864,12257
40448,27903,2,23280,4621
40463,2,1,1,0
40483,1,0,1,0
40503,36089,0,30688,5401
40522,38835,0,35853,2982
40541,19789,0,8242,11547
40543,13171,0,16,13155
40544,56864,0,48520,8344
40545,6166,0,0,6166
40546,7190,0,10,7180
40601,38166,20171,12210,5785
40602,65524,44693,10223,10608
40604,12200,2705,8101,1394
40605,37474,0,32898,4576
40608,20577,14877,3133,2567
40609,19811,5373,10442,3996
40610,48310,11455,30637,6218
40621,49389,9504,30355,9530
40625,117413,66,88421,28926
40641,3,0,0,3
40642,12915,0,10448,2467
40646,50778,0,39667,11111
40647,95181,3325,70360,21496
41201,408667,47097,316960,44610
41202,565162,835,464301,100026
41203,103428,3226,83446,16756
41204,86190,619,76648,8923
41205,288709,6781,240950,40978
41206,238561,7,212483,26071
41207,121780,0,101018,20762
41208,115293,0,97585,17708
41209,149330,2172,130698,16460
41210,115924,7237,89750,18937
41302,3111,0,1,3110
41303,1796,0,7,1789
41304,2056,0,3,2053
41324,2,0,1,1
41327,43178,27,35604,7547
41341,25385,57,19999,5329
41345,16561,111,13321,3129
41346,68232,3001,52244,12987
41364,1,0,0,1
41387,58018,0,47901,10117
41401,76682,654,63539,12489
41423,13959,20,11756,2183
41424,25100,125,21508,3467
41425,85361,1185,68089,16087
41441,55655,0,49259,6396
41443,2,0,0,2
42201,638308,344497,230504,63307
42202,622621,400233,167849,54539
42203,122492,55094,52314,15084
42204,382563,26985,294059,61519
42205,147965,46570,88442,12953
42206,14,0,0,14
42207,252704,102344,118553,31807
42208,178521,50574,102862,25085
42209,201298,69312,109780,22206
42210,244226,300,205296,38630
42211,261460,108739,115909,36812
42212,248600,0,207573,41027
42213,244513,4287,197794,42432
42214,283462,29023,195191,59248
42307,52573,1504,44374,6695
42308,43518,779,36881,5858
42321,68431,12,61432,6987
42322,46112,2,39449,6661
42323,60733,2920,50765,7048
42342,1,0,1,0
42382,2,0,1,1
42383,28161,200,23050,4911
42388,4335,0,0,4335
42389,2450,0,2,2448
42391,43602,93,36164,7345
42411,149070,0,129356,19714
42421,1,0,1,0
43101,83687,65165,14847,3675
43102,105800,24082,75091,6627
43103,147630,132431,2409,12790
43104,201611,108061,77778,15772
43105,202336,126290,62145,13901
43201,8736,72,24,8640
43202,394663,223186,132094,39383
43203,95906,0,84738,11168
43204,89987,1954,78149,9884
43205,76522,0,67660,8862
43206,191971,731,170538,20702
43208,249100,11756,208026,29318
43210,184304,33900,128024,22380
43211,83259,4162,68810,10287
43212,137282,3,121635,15644
43213,209663,368,186027,23268
43214,130977,19337,93934,17706
43215,534939,1760,470630,62549
43216,73844,310,66501,7033
43322,1,0,0,1
43348,114864,0,100182,14682
43361,1,0,0,1
43364,24592,0,21886,2706
43365,1,0,1,0
43367,74113,0,66318,7795
43368,30771,194,28206,2371
43369,99427,0,89175,10252
43385,1,1,0,0
43403,71688,1533,63785,6370
43404,47483,1734,43048,2701
43422,3,0,3,0
43423,34254,9763,19691,4800
43424,55974,24664,23742,7568
43425,18651,8,15308,3335
43427,1,1,0,0
43428,58653,14313,36328,8012
43430,1,0,0,1
43432,25961,1010,21949,3002
43433,66439,10,57412,9017
43441,89927,76794,4802,8331
43442,27292,19068,6095,2129
43443,76713,64668,6478,5567
43444,59038,0,51808,7230
43447,262676,125007,104238,33431
43463,1,0,1,0
43468,33245,7,28104,5134
43482,113603,1,95781,17821
43484,26832,0,23881,2951
43501,52370,0,47227,5143
43505,53781,28530,18511,6740
43506,18739,0,16185,2554
43507,17495,1,14964,2530
43510,33794,0,29719,4075
43511,16505,9511,6271,723
43512,28376,4,24773,3599
43513,52492,0,47766,4726
43514,66814,15,60139,6660
43531,52374,0,46583,5791
44201,699697,536254,97664,65779
44202,129333,106231,12062,11040
44203,338294,188594,102965,46735
44204,289584,2203,253813,33568
44205,379681,85688,234003,59990
44206,287946,234383,21678,31885
44207,98852,74151,14624,10077
44208,332986,196956,87768,48262
44209,198876,708,171120,27048
44210,237703,99769,103307,34627
44211,400401,303581,37650,59170
44212,420443,198090,170980,51373
44213,187569,1849,152669,33051
44214,291379,8558,234090,48731
44321,1,1,0,0
44322,11499,11,9069,2419
44341,86739,26241,50123,10375
44461,79319,29235,39520,10564
44462,108185,61832,31875,14478
44501,1,1,0,0
44522,2,1,1,0
45201,674179,328871,287399,57909
45202,517122,66036,382161,68925
45203,343784,197432,103905,42447
45204,278190,97728,154308,26154
45205,227084,94387,121159,11538
45206,183361,109587,52863,20911
45207,170620,119419,30127,21074
45208,172095,105378,45088,21629
45209,127527,28539,86179,12809
45301,114,0,0,114
45321,4998,0,62,4936
45322,6135,17,126,5992
45341,62404,1423,52220,8761
45345,4,0,3,1
45361,61188,0,56530,4658
45362,3585,1,16,3568
45382,90267,32328,47192,10747
45383,31084,3406,24378,3300
45401,54141,12373,34603,7165
45402,68108,0,57123,10985
45403,12721,883,9725,2113
45404,29501,295,24222,4984
45405,82865,1241,72622,9002
45406,53530,179,43836,9515
45421,51286,1351,42162,7773
45429,38762,0,34562,4200
45430,42331,17670,20439,4222
45431,121904,8440,89456,24008
45441,119464,21111,83976,14377
45442,75380,1768,61780,11832
45443,52583,13189,34068,5326
46201,733138,382894,299537,50707
46203,334379,86760,214367,33252
46204,103806,0,90045,13761
46206,140285,2411,120641,17233
46207,3,0,0,3
46208,215430,1072,185354,29004
46209,22677,56,31,22590
46210,180425,16856,140070,23499
46211,2,0,2,0
46213,117858,47405,57793,12660
46214,84023,36592,35547,11884
46215,473924,3897,410561,59466
46216,317174,0,282446,34728
46217,308393,0,269036,39357
46218,411564,3723,362529,45312
46219,118923,5285,98614,15024
46220,337540,119,291661,45760
46221,202418,3,179685,22730
46222,120101,62820,46381,10900
46223,431952,64,374864,57024
46224,171966,1356,169329,1281
46225,183830,1781,181182,867
46302,1,1,0,0
46303,3830,2115,1088,627
46304,11215,5650,4166,1399
46344,1,0,1,0
46383,1,0,1,0
46392,197438,1223,171422,24793
46404,104512,44,90621,13847
46421,10322,61,27,10234
46441,6257,0,83,6174
46442,6843,0,959,5884
46443,8168,12,17,8139
46452,85195,194,72265,12736
46467,1,0,1,0
46468,107642,0,98544,9098
46482,32601,0,29748,2853
46485,2,0,2,0
46490,61824,5567,47988,8269
46491,91190,41730,39058,10402
46492,90989,21531,56898,12560
46501,82508,13159,60192,9157
46502,60243,16000,39323,4920
46505,97888,9,83259,14620
46523,24249,17635,4372,2242
46524,32183,24227,5792,2164
46525,76318,56043,14800,5475
46527,35001,7398,21591,6012
46529,69617,36540,27405,5672
46530,74773,38653,27736,8384
46531,36334,14620,17188,4526
46532,47377,26488,16967,3922
46533,43416,290,35245,7881
46534,45621,803,37371,7447
46535,29680,0,27805,1875
47201,132331,0,127873,4458
47202,2,0,2,0
47205,61729,339,57225,4165
47207,109830,480,98943,10407
47208,66046,66,62496,3484
47209,137113,173,123508,13432
47210,82329,300,75015,7014
47211,107187,1545,99750,5892
47212,47527,0,45298,2229
47213,207736,10445,185027,12264
47214,201440,29436,159222,12782
47215,110296,0,101108,9188
47301,48356,0,42548,5808
47302,37124,0,33707,3417
47303,15651,0,14030,1621
47306,52748,0,48137,4611
47308,75220,0,70513,4707
47311,49542,1,45458,4083
47313,23882,0,22357,1525
47314,34726,0,31581,3145
47315,29731,0,28495,1236
47324,61654,15,56391,5248
47325,20922,144,19578,1200
47326,29486,938,27369,1179
47327,30906,256,27543,3107
47328,37376,2,33949,3425
47329,38347,0,36635,1712
47348,17165,0,15743,1422
47350,33429,0,31315,2114
47353,6515,0,6285,230
47354,8991,0,8273,718
47355,20247,0,19219,1028
47356,6966,0,6412,554
47357,10120,0,9793,327
47358,3388,1,3149,238
47359,16082,0,14735,1347
47360,23827,0,22289,1538
47361,63699,0,57264,6435
47362,54322,0,49039,5283
47375,9496,0,8221,1275
47381,43939,1790,37511,4638
47382,9849,0,8705,1144
kokyo_zahyou,,,,
ninni_zahyou,,,,
special_chiban,,,,
total,,,,
